Date,Symbol,Trader,Channel,isOpen,Asset,Type,Price,Qty,Price-actual,Prices,Prices-actual,Avged,PnL,PnL-actual,PnL$,PnL$-actual,STC-Qty,STC-Price,STC-Price-actual,STC-Prices,STC-Prices-actual,STC-Date,TrailStats,SL,STC-xQty
2024-01-02 06:31:53.020000,TSLA_010524P245,enhancedmarket,real-time-alerts,0,option,BTO,3.5,22,3.5,,,,41.03896103896104,37.40259740259739,3160.0000000000005,2879.9999999999986,22,4.9363636363636365,4.809090909090909,5.0/5.0/4.3,5.05/4.7/4.15,2024-01-02 06:37:33.465000,,,
2024-01-02 11:52:39.508000,SPY_010224P471,enhancedmarket,real-time-alerts,0,option,BTO,0.26,76,0.26,,,,83.55263157894737,65.68825910931174,1651.0000000000002,1298.0000000000002,76,0.4772368421052632,0.43078947368421056,0.44/0.48/0.55/0.69/0.71/0.74/0.6,0.41/0.39/0.51/0.65/0.7/0.69/0.6,2024-01-02 12:07:52.086000,,,
2024-01-02 12:48:41.091000,SPXW_010224P4725,enhancedmarket,real-time-alerts,0,option,BTO,0.85,11,0.75,,,,-100.0,-100.0,-935.0,-825.0,11,0,0,0,0,2024-01-02T16:00:00+0000,,,1.0
2024-01-03 06:33:06.079000,SPY_010324P469,enhancedmarket,real-time-alerts,0,option,BTO,0.55,90,0.55,,,,7.474747474747471,5.656565656565652,369.9999999999999,279.99999999999983,90,0.5911111111111111,0.5811111111111111,0.62/0.67/0.53/0.37,0.62/0.71/0.43/0.33,2024-01-03 07:00:22.582000,,,
2024-01-03 11:00:14.201000,SPXW_010324C4730,enhancedmarket,real-time-alerts,0,option,BTO,3.8,7,3.8,,,,-76.31578947368422,-76.31578947368422,-2030.0,-2030.0,7,0.9,0.9,0.9,0.9,2024-01-03 11:06:59.945000,,,
2024-01-03 11:24:23.365000,SPXW_010324C4720,enhancedmarket,real-time-alerts,0,option,BTO,3.7,10,3.9,,,,61.351351351351354,56.66666666666666,2270.0000000000005,2209.9999999999995,10,5.970000000000001,6.109999999999999,5.0/5.2/6.2/6.7/8.3,5.2/5.7/5.9/6.7/8.4,2024-01-03 11:27:03.912000,,,
2024-01-04 06:35:29.724000,SPY_010424P468,enhancedmarket,real-time-alerts,0,option,BTO,0.66,75,0.69,,,,-48.484848484848484,-52.17391304347826,-2400.0,-2699.9999999999995,75,0.34,0.33,0.34,0.33,2024-01-04 07:04:12.934000,,,
2024-01-04 09:45:05.821000,MSFT_010524P367.5,enhancedmarket,real-time-alerts,0,option,BTO,0.71,70,0.71,,,,25.251509054325954,25.553319919517115,1255.0,1270.0000000000005,70,0.8892857142857142,0.8914285714285715,0.84/0.88/0.89/0.94/1.0/0.98/0.87,0.85/0.88/0.89/0.94/0.98/0.98/0.88,2024-01-04 11:50:08.383000,,,
2024-01-04 11:23:13.873000,SPY_010424P468,enhancedmarket,real-time-alerts,0,option,BTO,0.19,206,0.21,0.18/0.25,0.19/0.28,1,12.672457843638227,2.7276930189551596,496.0000000000002,118.0000000000002,206,0.21407766990291263,0.21572815533980583,0.21/0.22/0.19/0.19/0.29/0.26/0.25,0.21/0.23/0.19/0.19/0.31/0.25/0.24,2024-01-04 11:47:14.197000,,,
2024-01-04 12:20:38.285000,SPY_010424P468,enhancedmarket,real-time-alerts,0,option,BTO,0.23,130,0.24,,,,54.67391304347829,37.34374999999998,2012.000000000001,1433.999999999999,160,0.35575000000000007,0.32962499999999995,0.11/0.26/0.29/0.34/0.47/0.48/0.52/0.53,0.1/0.09/0.31/0.43/0.56/0.49/0.53/0.52,2024-01-04 12:50:45.846000,,,
2024-01-05 12:28:11.340000,SPY_010524P466,enhancedmarket,real-time-alerts,0,option,BTO,0.23,130,0.25,,,,-100.0,-100.0,-2990.0,-3250.0,130,0,0,0,0,2024-01-05T16:00:00+0000,,,1.0
2024-01-08 06:30:23.267000,TSLA_011224P230,enhancedmarket,real-time-alerts,0,option,BTO,2.66,30,2.62,,,,-56.766917293233085,-56.10687022900764,-4530.000000000001,-4410.000000000001,30,1.15,1.15,1.15,1.15,2024-01-08 09:12:14.136000,,,
2024-01-08 10:49:10.023000,TSLA_011224C242.5,enhancedmarket,real-time-alerts,0,option,BTO,3.3,24,3.3,,,,-5.176767676767679,-6.565656565656557,-410.0000000000001,-519.9999999999993,24,3.1291666666666664,3.0833333333333335,3.65/2.4,3.55/2.43,2024-01-09 06:32:19.823000,,,
2024-01-09 06:32:43.149000,QQQ_010924P402,enhancedmarket,real-time-alerts,0,option,BTO,0.84,95,0.87,,,,9.335839598997481,2.4803387779794543,744.999999999999,205.0000000000019,95,0.9184210526315788,0.8915789473684212,1.06/1.15/0.97/0.83/0.68/0.6,1.06/1.12/0.86/0.83/0.7/0.58,2024-01-09 07:00:30.862000,,,
2024-01-09 11:57:27.224000,ARM_011224C73,enhancedmarket,real-time-alerts,0,option,BTO,1.3,38,1.33,,,,34.81781376518217,35.65492679066086,1719.9999999999995,1802.0,38,1.7526315789473683,1.8042105263157895,1.71/2.11/1.82/1.61,1.77/2.14/1.83/1.62,2024-01-10 06:33:52.070000,,,
2024-01-09 12:21:15.967000,QQQ_010924C405.78,enhancedmarket,real-time-alerts,0,option,BTO,0.37,135,0.37,,,,-7.707707707707717,-8.20820820820821,-385.00000000000045,-410.0000000000001,135,0.34148148148148144,0.3396296296296296,0.45/0.4/0.36/0.07/0.06,0.46/0.39/0.35/0.07/0.07,2024-01-09 12:41:13.678000,,,
2024-01-09 12:42:32.414000,QQQ_010924P405,enhancedmarket,real-time-alerts,0,option,BTO,0.25,200,0.28,,,,42.69999999999998,24.107142857142836,2134.999999999999,1349.9999999999989,200,0.35674999999999996,0.3475,0.29/0.42/0.35/0.4/0.32,0.27/0.36/0.39/0.38/0.23,2024-01-09 12:50:29.267000,,,
2024-01-09 12:53:05.838000,QQQ_011024C406,enhancedmarket,real-time-alerts,0,option,BTO,1.03,96,1.04,0.94/1.14,0.95/1.15,1,24.555016181229732,23.40745192307694,2427.999999999996,2337.000000000002,96,1.2829166666666663,1.2834375000000002,1.18/1.37/1.53/1.44/1.49/1.38/1.3,1.19/1.36/1.53/1.42/1.51/1.42/1.27,2024-01-10 06:40:31.478000,,,
2024-01-10 07:19:16.957000,SPY_011224P473,enhancedmarket,real-time-alerts,0,option,BTO,0.99,40,0.99,1.33/0.78,1.36/0.76,1,-2.8535353535353756,3.3333333333333477,-113.00000000000088,132.00000000000057,40,0.9617499999999998,1.0230000000000001,0.9/1.06/1.15/1.24/1.26/1.37,0.97/1.11/1.17/1.24/1.31/1.38,2024-01-11 07:06:55.880000,,,
2024-01-10 09:16:41.562000,SPXW_011024C4770,enhancedmarket,real-time-alerts,0,option,BTO,4.9,4,4.9,,,,5.612244897959172,4.59183673469387,109.99999999999979,89.99999999999986,4,5.175,5.125,4.1/5.5/5.9/5.2,4.1/5.8/5.6/5.0,2024-01-10 09:41:07.374000,,,
2024-01-11 06:43:18.194000,COIN_011224C165,enhancedmarket,real-time-alerts,0,option,BTO,4.2,11,3.95,,,,-64.28571428571429,-65.82278481012658,-2970.0000000000005,-2860.0,11,1.5,1.35,1.5,1.35,2024-01-11 06:55:53.863000,,,
2024-01-11 07:23:46.904000,SPY_011124P474,enhancedmarket,real-time-alerts,0,option,BTO,0.81,61,0.81,,,,22.24246104027524,22.222222222222214,1098.9999999999998,1097.9999999999998,61,0.9901639344262295,0.99,1.0/0.93/1.03/0.95/0.95/1.09/1.11/1.1/1.05,1.0/0.95/1.02/0.96/0.92/1.08/1.09/1.1/1.05,2024-01-11 07:56:03.414000,,,
2024-01-11 12:49:45.842000,IWM_011224C194,enhancedmarket,real-time-alerts,0,option,BTO,0.81,61,0.8,,,,150.63752276867027,153.9959016393443,7442.999999999998,7515.000000000003,61,2.030163934426229,2.0319672131147546,1.96/2.29/2.1/1.99/1.84,2.03/2.14/2.04/2.0/1.85,2024-01-12 06:32:12.934000,,,
2024-01-16 06:38:02.583000,QQQ_011624P408,enhancedmarket,real-time-alerts,0,option,BTO,1.03,48,1.03,,,,23.705501618122955,19.983818770226513,1171.9999999999989,987.9999999999987,48,1.2741666666666664,1.2358333333333331,1.26/1.19/1.37/1.41/1.48/1.52,1.21/1.12/1.39/1.41/1.54/1.47,2024-01-16 06:41:57.786000,,,
2024-01-16 11:08:46.286000,SPY_011624P474,enhancedmarket,real-time-alerts,0,option,BTO,0.69,43,0.7,,,,26.55881361644762,24.684385382059812,788.0000000000008,743.0000000000003,43,0.8732558139534885,0.8727906976744186,0.83/0.9/0.98/0.79/1.13/1.01/0.64,0.85/0.9/0.97/0.78/1.11/0.99/0.64,2024-01-16 11:27:53.654000,,,
2024-01-16 12:54:29.527000,SPY_011724C475,enhancedmarket,real-time-alerts,0,option,BTO,0.91,35,0.91,0.91/0.91,0.91/0.91,1,-91.83673469387756,-91.83673469387756,-2925.0000000000005,-2925.0000000000005,35,0.07428571428571429,0.07428571428571429,0.13/0.13/0,0.13/0.13/0,2024-01-17T16:00:00+0000,,,1.0
2024-01-17 11:26:31.260000,NVDA_011924C565,enhancedmarket,real-time-alerts,0,option,BTO,4.5,17,4.55,,,,13.594771241830056,13.251454427925008,1039.9999999999993,1024.9999999999993,17,5.1117647058823525,5.152941176470588,5.1/5.3/5.1,5.15/5.3/5.05,2024-01-17 11:45:41.350000,,,
2024-01-17 11:29:15.859000,ARM_011924C70,enhancedmarket,real-time-alerts,0,option,BTO,0.87,91,0.89,,,,43.27396741189844,37.436720582787984,3425.9999999999995,3031.999999999999,91,1.2464835164835164,1.223186813186813,0.99/1.08/2.3/2.22,0.99/1.08/2.2/1.99,2024-01-18 06:31:10.623000,,,
2024-01-22 07:19:24.140000,QQQ_012224P422,enhancedmarket,real-time-alerts,0,option,BTO,0.65,76,0.66,,,,39.4939271255061,34.62918660287081,1951.0000000000011,1737.0,76,0.9067105263157896,0.8885526315789474,0.8/0.94/0.86/0.98/1.07/1.12/1.18/1.0/1.31,0.83/0.9/0.82/0.94/1.06/1.12/1.17/0.98/1.26,2024-01-22 07:47:28.725000,,,
2024-01-22 10:41:16.545000,QQQ_012224C422,enhancedmarket,real-time-alerts,0,option,BTO,0.58,86,0.58,,,,23.536487570168415,22.052927024859663,1174.0000000000005,1100.0,86,0.7165116279069768,0.707906976744186,0.71/0.74/0.77/0.58/0.35,0.7/0.73/0.77/0.54/0.36,2024-01-22 11:19:25.822000,,,
2024-01-22 11:46:30.481000,QQQ_012224C422,enhancedmarket,real-time-alerts,0,option,BTO,0.45,22,0.46,,,,-53.333333333333336,-56.52173913043478,-528.0,-572.0,22,0.21,0.2,0.21,0.2,2024-01-22 12:52:00.921000,,,
2024-01-23 06:55:12.615000,QQQ_012324C423,enhancedmarket,real-time-alerts,0,option,BTO,0.92,86,0.94,,,,-68.47826086956522,-70.2127659574468,-5418.000000000001,-5676.0,86,0.29,0.28,0.29,0.28,2024-01-23 08:34:34.180000,,,
2024-01-23 08:44:16.682000,QQQ_012424C422,enhancedmarket,real-time-alerts,0,option,BTO,1.53,55,1.55,1.53/1.54,1.55/1.55,1,75.650623885918,74.59237536656889,6365.999999999999,6358.999999999998,55,2.6874545454545453,2.706181818181818,2.18/2.37/5.37/5.28/2.16/0,2.2/2.37/5.4/5.32/2.17/0,2024-01-24T16:00:00+0000,,,1.0
2024-01-24 09:25:35.569000,TSLA_012624C217.5,enhancedmarket,real-time-alerts,0,option,BTO,4.95,10,4.95,,,,-43.43434343434344,-43.43434343434344,-2150.0000000000005,-2150.0000000000005,10,2.8,2.8,4.0/0,4.0/0,2024-01-26T16:00:00+0000,,,1.0
2024-01-24 11:10:08.855000,QQQ_012424P427,enhancedmarket,real-time-alerts,0,option,BTO,0.5,100,0.53,,,,45.81999999999999,36.35849056603773,2290.9999999999995,1927.0,100,0.7291,0.7227,0.66/0.72/0.67/0.81/0.69/0.94/1.07/1.11/1.2/1.08/1.31/1.14,0.66/0.69/0.68/0.78/0.68/0.92/1.13/1.17/1.12/1.05/1.31/1.15,2024-01-24 11:24:24.370000,,,
2024-01-24 12:40:18.094000,QQQ_012424C427,enhancedmarket,real-time-alerts,0,option,BTO,0.3,33,0.32,,,,-70.0,-75.0,-693.0,-792.0,33,0.09,0.08,0.09,0.08,2024-01-24 12:50:54.243000,,,
2024-01-25 06:35:37.976000,ARM_012624C78,enhancedmarket,real-time-alerts,0,option,BTO,1.08,46,1.07,,,,33.33333333333332,34.579439252336435,1655.9999999999998,1701.9999999999993,46,1.44,1.44,1.44,1.44,2024-01-25 07:15:35.799000,,,
2024-01-25 06:50:57.004000,QQQ_012524C428,enhancedmarket,real-time-alerts,0,option,BTO,1.16,43,1.13,,,,-27.586206896551722,-29.20353982300884,-1375.9999999999998,-1418.9999999999993,43,0.84,0.8,0.84,0.8,2024-01-25 06:56:51.242000,,,
2024-01-25 07:07:18.258000,QQQ_012524C428,enhancedmarket,real-time-alerts,0,option,BTO,0.93,53,0.94,,,,23.148711706228443,23.805700521878762,1141.0,1185.9999999999998,53,1.1452830188679246,1.1637735849056603,1.17/1.0/1.26/1.38,1.19/1.02/1.25/1.38,2024-01-25 07:22:35.311000,,,
2024-01-25 12:49:07.285000,QQQ_012624C426,enhancedmarket,real-time-alerts,0,option,BTO,1.52,32,1.52,,,,-78.94736842105263,-78.94736842105263,-3840.0,-3840.0,32,0.32,0.32,0.32,0.32,2024-01-26 06:53:01.873000,,,
2024-01-26 06:32:34.787000,SPY_012624C488,enhancedmarket,real-time-alerts,0,option,BTO,1.12,44,1.14,,,,-46.42857142857144,-47.368421052631575,-2288.0000000000005,-2375.9999999999995,44,0.6,0.6,0.6,0.6,2024-01-26 06:53:05.913000,,,
2024-01-26 06:58:49.022000,QQQ_012624C425,enhancedmarket,real-time-alerts,0,option,BTO,0.71,112,0.71,,,,-32.3943661971831,-38.028169014084504,-2576.0000000000005,-3023.9999999999995,112,0.48,0.44,0.48,0.44,2024-01-26 07:06:14.208000,,,
2024-01-26 07:07:48.618000,QQQ_012624C425,enhancedmarket,real-time-alerts,0,option,BTO,0.59,135,0.61,,,,33.019460138104215,26.533090467516708,2630.0000000000005,2185.000000000001,135,0.7848148148148149,0.7718518518518519,0.79/0.77,0.79/0.72,2024-01-26 07:23:00.462000,,,
2024-01-29 06:32:26.913000,NVDA_020224C630,enhancedmarket,real-time-alerts,0,option,BTO,6.6,15,6.4,,,,10.606060606060609,13.906249999999995,1050.0000000000002,1334.9999999999995,15,7.3,7.29,7.5/7.3/6.8,7.55/7.25/6.8,2024-01-29 07:04:07.258000,,,
2024-01-29 06:33:40.363000,QQQ_012924C425,enhancedmarket,real-time-alerts,0,option,BTO,0.88,79,0.85,,,,18.584579976985037,22.516753536857795,1291.9999999999998,1512.0000000000011,79,1.0435443037974683,1.0413924050632912,1.06/1.08/1.08/1.0/1.15/1.19/0.94/0.9,1.06/1.07/1.09/1.0/1.12/1.16/0.93/0.92,2024-01-29 06:47:58.909000,,,
2024-01-29 07:12:36.382000,SPY_012924C488,enhancedmarket,real-time-alerts,0,option,BTO,0.86,46,0.88,,,,-17.44186046511628,-23.86363636363636,-690.0000000000001,-965.9999999999999,46,0.71,0.67,0.71,0.67,2024-01-29 07:22:22.419000,,,
2024-01-29 08:42:15.843000,SPY_013024C488,enhancedmarket,real-time-alerts,0,option,BTO,1.45,27,1.45,,,,11.596424010217115,11.928480204342275,454.00000000000006,467.00000000000006,27,1.6181481481481481,1.622962962962963,1.67/1.47,1.68/1.46,2024-01-29 09:46:33.438000,,,
2024-01-29 08:55:28.708000,SHOP_020224C83,enhancedmarket,real-time-alerts,0,option,BTO,1.43,27,1.43,,,,9.013209013209025,11.08521108521107,348.00000000000045,427.9999999999994,27,1.558888888888889,1.5885185185185182,1.59/1.47,1.63/1.47,2024-01-29 10:13:57.760000,,,
2024-01-29 11:18:29.760000,IWM_020224C198,enhancedmarket,real-time-alerts,0,option,BTO,2.29,17,2.29,,,,29.745697405599813,29.951194451579767,1158.000000000001,1166.0000000000002,17,2.9711764705882358,2.9758823529411766,2.87/2.87/3.05/3.2/3.21/3.28/3.33,2.88/2.86/3.06/3.2/3.22/3.28/3.31,2024-01-29 12:25:53.084000,,,
2024-01-30 06:30:47.535000,COIN_020224C140,enhancedmarket,real-time-alerts,0,option,BTO,2.53,59,2.56,2.69/2.25,2.75/2.25,1,-46.64031620553359,-46.48437499999999,-6961.999999999998,-7020.999999999999,59,1.35,1.37,1.35,1.37,2024-01-30 07:54:59.485000,,,
2024-01-30 06:40:22.161000,BABA_020224P71,enhancedmarket,real-time-alerts,0,option,BTO,0.66,151,0.66,,,,-43.939393939393945,-43.939393939393945,-4379.000000000001,-4379.000000000001,151,0.37,0.37,0.37,0.37,2024-01-30 09:01:07.397000,,,
2024-01-30 06:59:22.003000,SPXW_013024C4935,enhancedmarket,real-time-alerts,0,option,BTO,5.6,14,5.5,,,,-48.214285714285715,-46.36363636363636,-3780.0,-3569.9999999999995,14,2.9,2.95,2.9,2.95,2024-01-30 07:01:44.474000,,,
2024-01-30 07:53:45.510000,SPXW_013024P4915,enhancedmarket,real-time-alerts,0,option,BTO,5.4,14,5.3,,,,-25.92592592592593,-24.528301886792452,-1960.0000000000005,-1820.0,14,4.0,4.0,4.0,4.0,2024-01-30 08:11:11.191000,,,
2024-01-30 08:11:37.259000,SPXW_013024C4930,enhancedmarket,real-time-alerts,0,option,BTO,4.0,20,4.0,,,,29.999999999999982,28.249999999999996,2399.9999999999986,2259.9999999999995,20,5.199999999999999,5.13,4.9/6.0/6.1/5.4/5.2/4.9/4.7,4.8/6.0/6.0/5.3/5.2/4.8/4.6,2024-01-30 09:15:32.346000,,,
2024-01-30 11:16:18.535000,SPY_013124C492,enhancedmarket,real-time-alerts,0,option,BTO,1.46,57,1.47,1.46/1.45,1.47/1.46,1,-99.31506849315068,-99.31972789115646,-8264.999999999998,-8322.0,57,0.010000000000000002,0.010000000000000002,0.19/0,0.19/0,2024-01-31T16:00:00+0000,,,1.0
2024-01-30 11:31:45.717000,QQQ_013124C426,enhancedmarket,real-time-alerts,0,option,BTO,2.31,34,2.31,,,,-100.0,-100.0,-7854.0,-7854.0,34,0,0,0,0,2024-01-31T16:00:00+0000,,,1.0
2024-01-30 11:35:21.161000,COIN_020224C135,enhancedmarket,real-time-alerts,0,option,BTO,2.44,32,2.43,,,,24.999999999999993,28.98662551440328,1951.9999999999993,2253.999999999999,32,3.05,3.134375,3.05/3.05,3.1/3.15,2024-01-31 08:13:51.831000,,,
2024-01-31 10:54:58.696000,SPXW_013124P4880,enhancedmarket,real-time-alerts,0,option,BTO,10.0,10,9.9,,,,34.49999999999999,26.16161616161614,3449.9999999999995,2589.999999999998,10,13.45,12.489999999999998,13.9/11.0/13.7/13.1/16.8/14.3,11.2/11.4/12.4/12.4/17.0/13.1,2024-01-31 11:01:36.331000,,,
2024-01-31 11:02:36.305000,SPXW_013124P4860,enhancedmarket,real-time-alerts,0,option,BTO,7.1,1,7.2,,,,28.169014084507044,18.055555555555554,200.0,130.0,1,9.1,8.5,9.1,8.5,2024-01-31 12:04:15.267000,,,
2024-01-31 11:44:26.056000,CVNA_020224C48,enhancedmarket,real-time-alerts,0,option,BTO,0.97,66,0.97,0.97/0.99,0.97/0.95,2,82.75538894095592,-99.53139643861294,5297.999999999997,-6372.0,66,1.7727272727272725,0.004545454545454546,7.1/7.6/6.3/9.6/10.5/12.0/0,0.02/0.02/0.02/0.02/0.02/0.02/0,2024-02-02T16:00:00+0000,,,1.0
2024-02-01 06:36:47.500000,BABA_020224C74,enhancedmarket,real-time-alerts,0,option,BTO,0.52,153,0.52,,,,-38.46153846153847,-38.46153846153847,-3060.0000000000005,-3060.0000000000005,153,0.32,0.32,0.32,0.32,2024-02-01 07:07:06.365000,,,
2024-02-01 06:55:57.571000,SPXW_020124P4860,enhancedmarket,real-time-alerts,0,option,BTO,8.8,9,9.0,,,,19.31818181818181,10.740740740740742,1529.9999999999995,870.0000000000002,9,10.5,9.966666666666667,12.3/10.1/9.1,11.4/9.6/8.9,2024-02-01 07:01:21.372000,,,
2024-02-01 07:43:36.348000,SPXW_020124P4860,enhancedmarket,real-time-alerts,0,option,BTO,5.2,15,5.2,,,,-100.0,-100.0,-7800.0,-7800.0,15,0,0,0,0,2024-02-01T16:00:00+0000,,,1.0
2024-02-02 06:33:38.863000,AMD_020224C175,enhancedmarket,real-time-alerts,0,option,BTO,1.48,67,1.51,,,,38.68495361032677,33.60680043491153,3836.0000000000027,3399.999999999999,67,2.052537313432836,2.017462686567164,1.77/1.98/2.11/2.23/2.3/2.03/1.79/2.46/1.91,1.77/1.97/2.13/2.3/2.17/1.87/1.74/2.51/1.86,2024-02-02 06:42:22.889000,,,
2024-02-02 08:10:39.644000,CVNA_020924C43.5,enhancedmarket,real-time-alerts,0,option,BTO,1.45,78,1.54,1.45/1.45,1.45/2.13,1,31.16710875331565,23.776223776223784,3524.9999999999995,2856.000000000001,78,1.9019230769230768,1.9061538461538463,1.78/1.9/2.0/2.0/2.15/2.0,1.81/1.86/1.95/2.05/2.06/2.03,2024-02-02 11:23:06.794000,,,
2024-02-02 09:21:44.695000,NFLX_020924C570,enhancedmarket,real-time-alerts,0,option,BTO,6.75,7,6.75,,,,40.52910052910053,42.75132275132275,1915.0000000000002,2020.0000000000002,7,9.485714285714286,9.635714285714286,9.2/9.3/10.05/10.15,9.5/9.15/10.4/10.25,2024-02-05 06:37:49.438000,,,
2024-02-05 06:31:29.591000,AMD_020924C185,enhancedmarket,real-time-alerts,0,option,BTO,2.04,39,2.08,,,,-31.070889894419302,-33.06213017751479,-2472.0,-2681.9999999999995,39,1.4061538461538463,1.3923076923076925,1.48/1.36,1.46/1.35,2024-02-05 06:49:37.680000,,,
2024-02-05 06:38:00.891000,NFLX_020924C580,enhancedmarket,real-time-alerts,0,option,BTO,6.3,3,6.3,,,,-76.98412698412697,-76.45502645502646,-1454.9999999999998,-1445.0,3,1.45,1.4833333333333334,1.73/0.89,1.76/0.93,2024-02-06 07:21:47.998000,,,
2024-02-05 11:32:35.146000,SPY_020524C494,enhancedmarket,real-time-alerts,0,option,BTO,0.29,172,0.35,,,,50.200481154771445,25.282392026578055,2503.9999999999995,1521.9999999999989,172,0.43558139534883716,0.43848837209302316,0.37/0.41/0.46/0.52/0.48/0.44/0.36,0.36/0.43/0.48/0.51/0.47/0.43/0.36,2024-02-05 11:38:17.902000,,,
2024-02-05 12:47:32.579000,QQQ_020624C430,enhancedmarket,real-time-alerts,0,option,BTO,0.87,57,0.89,,,,24.52107279693486,21.052631578947388,1215.9999999999998,1068.000000000001,57,1.0833333333333333,1.0773684210526318,1.22/0.96/0.85,1.22/0.95/0.83,2024-02-06 06:34:12.510000,,,
2024-02-06 06:40:56.947000,CVNA_020924C46,enhancedmarket,real-time-alerts,0,option,BTO,1.29,62,1.29,,,,31.007751937984473,26.656664166041498,2479.999999999998,2131.999999999999,62,1.6899999999999997,1.6338709677419354,1.6/1.7/1.93/2.12/1.74,1.62/1.54/1.93/1.98/1.59,2024-02-06 06:56:42.142000,,,
2024-02-06 06:44:08.629000,SPXW_020624C4960,enhancedmarket,real-time-alerts,0,option,BTO,6.9,11,7.0,,,,-30.96179183135704,-32.72727272727272,-2349.9999999999995,-2519.9999999999995,11,4.763636363636365,4.70909090909091,4.9/4.4,4.9/4.2,2024-02-06 06:51:24.432000,,,
2024-02-06 08:22:25.437000,SPY_020924C494,enhancedmarket,real-time-alerts,0,option,BTO,1.99,114,2.0,1.99/2.01,1.99/2.04,3,54.480737018425444,52.708333333333336,13009.999999999996,12650.0,120,3.0741666666666663,3.0541666666666667,1.59/3.54/3.56/4.27,1.58/3.5/3.55/4.26,2024-02-07 09:50:42.486000,,492,
2024-02-08 06:32:46.982000,SNOW_020924C225,enhancedmarket,real-time-alerts,0,option,BTO,1.76,45,1.93,,,,4.1666666666666625,-9.614277489925154,329.99999999999966,-834.9999999999995,45,1.8333333333333333,1.7444444444444445,2.0/1.6/1.3,1.95/1.35/1.3,2024-02-08 06:43:01.114000,,,
2024-02-08 06:34:35.040000,COIN_020924C130,enhancedmarket,real-time-alerts,0,option,BTO,1.88,42,1.81,,,,5.243161094224922,9.550118389897392,413.9999999999998,725.9999999999998,42,1.9785714285714284,1.9828571428571429,2.21/1.4,2.22/1.39,2024-02-08 06:42:29.999000,,,
2024-02-08 07:01:07.891000,QQQ_020824C433,enhancedmarket,real-time-alerts,0,option,BTO,0.85,58,0.84,,,,-31.764705882352946,-29.761904761904763,-1566.0000000000002,-1450.0,58,0.58,0.59,0.58,0.59,2024-02-08 07:31:08.964000,,,
2024-02-08 07:33:29.985000,QQQ_020824C433,enhancedmarket,real-time-alerts,0,option,BTO,0.75,106,0.76,,,,37.58490566037737,33.22989076464745,2988.0000000000014,2676.9999999999986,106,1.0318867924528303,1.0125471698113206,1.0/1.01/1.06/1.08/1.11/1.06/1.16/1.14,0.95/0.98/1.07/1.1/1.11/1.05/1.17/1.12,2024-02-08 07:55:14.155000,,,
2024-02-08 08:16:25.241000,TSLA_021624C195,enhancedmarket,real-time-alerts,0,option,BTO,3.15,25,3.15,,,,24.253968253968246,25.523809523809522,1909.9999999999995,2009.9999999999998,25,3.9139999999999997,3.9539999999999997,4.0/3.8/3.5/3.25,4.05/3.8/3.5/3.25,2024-02-12 06:46:46.460000,,,
2024-02-08 10:06:08.589000,SPXW_020924C5005,enhancedmarket,real-time-alerts,0,option,BTO,8.7,1,8.8,,,,9.195402298850585,2.2727272727272645,80.00000000000009,19.99999999999993,1,9.5,9.0,9.5,9.0,2024-02-09 06:34:42.314000,,,
2024-02-12 06:33:56.744000,AMD_021624C180,enhancedmarket,real-time-alerts,0,option,BTO,2.0,40,1.99,,,,19.625000000000004,22.160804020100507,1570.0000000000002,1764.0000000000005,40,2.3925,2.431,2.32/2.6/2.75/2.45/2.32/1.98,2.41/2.58/2.7/2.44/2.35/1.97,2024-02-12 06:41:57.175000,,,
2024-02-12 06:40:45.948000,META_021624C480,enhancedmarket,real-time-alerts,0,option,BTO,3.5,22,3.5,,,,9.415584415584417,8.701298701298706,725.0000000000001,670.0000000000003,22,3.8295454545454546,3.8045454545454547,3.8/3.65/4.5/3.95,3.85/3.6/4.35/3.95,2024-02-12 06:54:34.260000,,,
2024-02-12 08:15:49.219000,NFLX_021624C575,enhancedmarket,real-time-alerts,0,option,BTO,4.65,17,4.65,,,,-35.14231499051233,-35.52182163187856,-2778.0,-2808.0,17,3.0158823529411767,2.9982352941176473,3.35/2.99/1.05,3.35/2.89/1.05,2024-02-13 06:35:05.013000,,,
2024-02-13 12:58:08.986000,SPY_021424P492,enhancedmarket,real-time-alerts,0,option,BTO,0.77,103,0.84,0.77/0.76,0.84/0.83,2,-100.0,-100.0,-7931.0,-8652.0,103,0,0,0,0,2024-02-14T16:00:00+0000,,,1.0
2024-01-02 06:31:45.900000,TSLA_010524P245,enhancedmarket,1k-challenge-alerts,0,option,BTO,3.5,1,3.55,,,,28.57142857142857,26.7605633802817,100.0,95.00000000000003,1,4.5,4.5,4.5,4.5,2024-01-02 06:34:08.077000,,,
2024-01-03 06:32:51.917000,SPY_010324P469,enhancedmarket,1k-challenge-alerts,0,option,BTO,0.54,10,0.53,,,,11.666666666666655,10.377358490566026,62.99999999999994,54.999999999999936,10,0.603,0.585,0.69/0.4,0.69/0.34,2024-01-03 07:00:21.478000,,,
2024-01-03 07:14:45.820000,IWM_010324P195,enhancedmarket,1k-challenge-alerts,0,option,BTO,0.35,9,0.32,,,,5.71428571428572,18.75,18.000000000000014,54.0,9,0.37,0.38,0.37,0.38,2024-01-03 07:21:02.179000,,,
2024-01-04 06:35:25.696000,SPY_010424P468,enhancedmarket,1k-challenge-alerts,0,option,BTO,0.65,6,0.66,,,,-49.230769230769226,-51.515151515151516,-192.0,-204.0,6,0.33,0.32,0.33,0.32,2024-01-04 07:04:18.742000,,,
2024-01-08 06:30:18.550000,TSLA_011224P230,enhancedmarket,1k-challenge-alerts,0,option,BTO,2.67,1,2.66,,,,-31.83520599250936,-32.330827067669176,-84.99999999999999,-86.00000000000001,1,1.82,1.8,1.82,1.8,2024-01-08 07:15:48.526000,,,
2024-01-08 06:37:50.275000,IWM_010824P193,enhancedmarket,1k-challenge-alerts,0,option,BTO,0.73,4,0.72,,,,1.3698630136986314,8.333333333333341,4.0000000000000036,24.00000000000002,4,0.74,0.78,0.74,0.78,2024-01-08 06:38:18.558000,,,
2024-01-08 06:38:08.004000,IWM_010824P192,enhancedmarket,1k-challenge-alerts,0,option,BTO,0.34,10,0.33,,,,32.35294117647059,40.0,110.0,132.0,10,0.45,0.462,0.43/0.5/0.42,0.44/0.52/0.42,2024-01-08 06:44:36.873000,,,
2024-01-09 11:57:19.906000,ARM_011224C73,enhancedmarket,1k-challenge-alerts,0,option,BTO,1.31,3,1.3,,,,-3.307888040712477,-2.0512820512820644,-13.000000000000036,-8.000000000000052,3,1.2666666666666666,1.2733333333333332,1.03/1.74,0.96/1.9,2024-01-10 06:32:10.886000,,,
2024-01-09 12:21:23.235000,QQQ_010924C405.78,enhancedmarket,1k-challenge-alerts,0,option,BTO,0.37,5,0.36,,,,27.027027027027025,25.000000000000007,49.99999999999999,45.00000000000001,5,0.47,0.45,0.47,0.45,2024-01-09 12:22:16.801000,,,
2024-01-09 12:52:19.366000,QQQ_011024C406,enhancedmarket,1k-challenge-alerts,0,option,BTO,0.95,2,0.91,,,,48.421052631578945,56.04395604395604,91.99999999999999,101.99999999999999,2,1.41,1.42,1.41,1.42,2024-01-10 06:30:56.873000,,,
2024-01-11 06:42:47.175000,COIN_011224C165,enhancedmarket,1k-challenge-alerts,0,option,BTO,4.1,1,4.2,,,,-62.926829268292686,-65.0,-258.0,-273.0,1,1.52,1.47,1.52,1.47,2024-01-11 06:55:38.442000,,,
2024-01-11 07:21:10.448000,SPY_011124P474,enhancedmarket,1k-challenge-alerts,0,option,BTO,0.84,5,0.83,,,,-30.952380952380953,-31.32530120481928,-130.0,-130.0,5,0.58,0.57,0.58,0.57,2024-01-11 07:31:40.740000,,,
2024-01-11 07:33:16.618000,SPY_011124P474,enhancedmarket,1k-challenge-alerts,0,option,BTO,0.71,6,0.73,,,,38.02816901408451,38.35616438356165,162.0,168.00000000000003,6,0.98,1.01,0.98,1.01,2024-01-11 07:50:18.078000,,,
2024-01-11 10:11:22.110000,CVNA_011924C48,enhancedmarket,1k-challenge-alerts,0,option,BTO,1.36,2,1.36,,,,-33.82352941176471,-33.45588235294118,-92.00000000000001,-91.00000000000001,2,0.9,0.905,1.02/0.78,1.03/0.78,2024-01-12 07:26:31.949000,,,
2024-01-11 12:49:38.385000,IWM_011224C194,enhancedmarket,1k-challenge-alerts,0,option,BTO,0.82,3,0.81,,,,158.5365853658537,174.07407407407408,390.0000000000001,423.0,3,2.12,2.22,2.12,2.22,2024-01-12 06:30:25.914000,,,
2024-01-16 06:31:05.930000,AMD_011924C152.5,enhancedmarket,1k-challenge-alerts,0,option,BTO,2.34,2,2.5,,,,10.683760683760685,2.7999999999999936,50.0,13.999999999999968,2,2.59,2.57,2.59,2.57,2024-01-16 06:33:08.685000,,,
2024-01-16 06:38:29.623000,QQQ_011624P408,enhancedmarket,1k-challenge-alerts,0,option,BTO,1.06,2,1.04,,,,15.0943396226415,18.269230769230763,31.999999999999982,37.999999999999986,2,1.22,1.23,1.22,1.23,2024-01-16 06:39:34.563000,,,
2024-01-17 06:30:34.621000,NVDA_011924C570,enhancedmarket,1k-challenge-alerts,0,option,BTO,4.95,1,4.8,,,,-35.35353535353536,-37.5,-175.00000000000003,-180.0,1,3.2,3.0,3.2,3.0,2024-01-17 06:32:10.297000,,,
2024-01-17 06:55:29.163000,SPY_011724C472,enhancedmarket,1k-challenge-alerts,0,option,BTO,0.86,6,0.85,,,,20.93023255813954,21.1764705882353,108.00000000000003,108.00000000000003,6,1.04,1.03,1.04,1.03,2024-01-17 07:04:38.125000,,,
2024-01-17 11:29:04.156000,ARM_011924C70,enhancedmarket,1k-challenge-alerts,0,option,BTO,0.84,5,0.84,,,,172.61904761904765,188.0952380952381,725.0000000000001,790.0,5,2.29,2.42,2.29,2.42,2024-01-18 06:30:33.378000,,,
2024-01-23 06:54:36.070000,SPY_012324C484,enhancedmarket,1k-challenge-alerts,0,option,BTO,0.93,5,0.92,,,,-46.23655913978495,-44.56521739130435,-215.00000000000003,-205.00000000000003,5,0.5,0.51,0.5,0.51,2024-01-23 07:44:16.460000,,,
2024-01-23 12:27:42.029000,PDD_012624P138,enhancedmarket,1k-challenge-alerts,0,option,BTO,1.15,2,1.13,,,,-80.0,-79.64601769911505,-184.0,-180.0,2,0.23,0.23,0.23,0.23,2024-01-24 06:34:22.976000,,,
2024-01-25 06:35:31.942000,ARM_012624C78,enhancedmarket,1k-challenge-alerts,0,option,BTO,1.07,4,1.07,,,,37.383177570093444,39.01869158878502,159.99999999999994,166.9999999999999,4,1.47,1.4874999999999998,1.39/1.71,1.4/1.75,2024-01-25 07:20:39.078000,,,
2024-01-25 12:49:03.974000,QQQ_012624C426,enhancedmarket,1k-challenge-alerts,0,option,BTO,1.49,2,1.52,,,,-77.85234899328859,-78.94736842105263,-232.0,-240.0,2,0.33,0.32,0.33,0.32,2024-01-26 06:52:59.020000,,,
2024-01-29 06:32:18.724000,NVDA_020224C630,enhancedmarket,1k-challenge-alerts,0,option,BTO,6.6,1,6.6,,,,10.606060606060609,11.363636363636365,70.00000000000001,75.0,1,7.3,7.35,7.3,7.35,2024-01-29 07:00:34.482000,,,
2024-01-29 07:12:30.193000,SPY_012924C488,enhancedmarket,1k-challenge-alerts,0,option,BTO,0.86,3,0.86,,,,-27.906976744186046,-27.906976744186046,-72.0,-72.0,3,0.62,0.62,0.62,0.62,2024-01-29 07:22:48.263000,,,
2024-01-30 06:30:29.607000,COIN_020224C140,enhancedmarket,1k-challenge-alerts,0,option,BTO,2.71,3,2.67,2.99/2.15,2.93/2.14,1,-50.184501845018445,-48.68913857677902,-407.9999999999999,-390.0,3,1.35,1.37,1.35,1.37,2024-01-30 07:55:00.217000,,,
2024-01-30 11:35:56.817000,COIN_020224C135,enhancedmarket,1k-challenge-alerts,0,option,BTO,2.31,2,2.32,,,,36.36363636363636,31.46551724137931,168.0,146.0,2,3.15,3.05,3.15,3.05,2024-01-31 08:13:45.641000,,,
2024-02-01 06:30:16.136000,SHOP_020224P78,enhancedmarket,1k-challenge-alerts,0,option,BTO,0.82,4,0.82,,,,38.10975609756099,36.89024390243904,125.00000000000004,121.00000000000004,4,1.1325,1.1225,1.08/1.29,1.08/1.25,2024-02-01 07:48:15.128000,,,
2024-02-01 06:36:39.599000,BABA_020224C74,enhancedmarket,1k-challenge-alerts,0,option,BTO,0.53,6,0.52,,,,-39.62264150943396,-38.46153846153847,-126.0,-120.00000000000003,6,0.32,0.32,0.32,0.32,2024-02-01 07:07:03.661000,,,
2024-02-05 06:32:57.093000,ARM_020924C74,enhancedmarket,1k-challenge-alerts,0,option,BTO,2.48,2,2.45,,,,19.153225806451616,22.448979591836725,95.00000000000001,109.99999999999996,2,2.955,3.0,3.1/2.81,3.1/2.9,2024-02-05 07:05:54.813000,,,
2024-02-05 12:47:11.763000,QQQ_020624C430,enhancedmarket,1k-challenge-alerts,0,option,BTO,0.92,3,0.9,,,,6.521739130434775,4.444444444444437,17.999999999999982,11.999999999999979,3,0.98,0.94,0.98,0.94,2024-02-06 06:33:04.927000,,,
2024-02-06 06:41:22.349000,CVNA_020924C46,enhancedmarket,1k-challenge-alerts,0,option,BTO,1.35,2,1.44,,,,26.666666666666654,19.444444444444446,71.99999999999997,56.00000000000001,2,1.71,1.72,1.71,1.72,2024-02-06 06:47:18.576000,,,
2024-02-06 10:29:49.939000,SPY_020724C493,enhancedmarket,1k-challenge-alerts,0,option,BTO,1.35,4,1.35,,,,-28.888888888888896,-28.148148148148156,-156.00000000000006,-152.00000000000006,4,0.96,0.97,0.96,0.97,2024-02-06 11:17:37.462000,,,
2024-02-06 11:56:17.372000,SPY_020724C494,enhancedmarket,1k-challenge-alerts,0,option,BTO,0.84,5,0.83,,,,195.23809523809524,198.7951807228916,820.0,825.0,5,2.48,2.48,2.48,2.48,2024-02-07 06:30:22.016000,,,
2024-02-08 06:34:23.507000,COIN_020924C130,enhancedmarket,1k-challenge-alerts,0,option,BTO,1.9,3,1.8,,,,13.157894736842104,20.55555555555555,74.99999999999999,110.99999999999997,3,2.15,2.17,2.15,2.17,2024-02-08 06:36:08.630000,,,
2024-02-08 07:33:16.963000,QQQ_020824C433,enhancedmarket,1k-challenge-alerts,0,option,BTO,0.75,8,0.75,,,,0.0,1.3333333333333344,0.0,8.000000000000007,8,0.75,0.76,0.75,0.76,2024-02-08 07:33:40.994000,,,
2024-02-08 11:54:12.544000,SPY_020924C499,enhancedmarket,1k-challenge-alerts,0,option,BTO,0.77,2,0.78,,,,33.76623376623377,37.17948717948718,52.0,58.00000000000001,2,1.03,1.07,1.03,1.07,2024-02-09 06:34:31.650000,,,
2024-02-12 06:34:15.574000,AMD_021624C180,enhancedmarket,1k-challenge-alerts,0,option,BTO,2.0,2,2.06,,,,19.999999999999996,12.135922330097088,79.99999999999999,50.00000000000001,2,2.4,2.31,2.4,2.31,2024-02-12 06:36:07.613000,,,
2024-01-02 06:53:53.049000,APO_031524C95,rmarko4231,team-alerts,0,option,BTO,3.7,5,3.7,,,,5.405405405405398,0.0,99.99999999999987,0.0,5,3.9,3.7,3.9,3.7,2024-01-03 11:18:21.223000,,,
2024-01-02 07:38:31.689000,SPY_010224P471,tradewithnando,team-alerts,0,option,BTO,0.58,10,0.6,,,,-62.06896551724138,-66.66666666666666,-360.0,-399.99999999999994,10,0.22,0.2,0.22,0.2,2024-01-02 08:40:07.933000,,,
2024-01-02 08:38:29.671000,SPY_010324C475,rmarko4231,team-alerts,0,option,BTO,0.4,20,0.4,,,,39.37500000000002,36.87499999999999,315.00000000000017,294.99999999999994,20,0.5575000000000001,0.5475,0.53/0.56/0.61,0.53/0.54/0.59,2024-01-02 09:12:45.186000,,,
2024-01-02 08:42:22.284000,SPY_010824C477,tradewithnando,team-alerts,0,option,BTO,0.91,10,0.93,,,,29.89010989010988,24.62365591397849,271.99999999999994,228.99999999999994,10,1.182,1.159,1.16/1.2/1.21,1.14/1.17/1.19,2024-01-02 09:43:36.574000,,,
2024-01-02 09:12:00.763000,PDD_011924C150,tradewithnando,team-alerts,0,option,BTO,2.08,5,2.13,,,,14.134615384615387,8.16901408450704,147.00000000000003,86.99999999999997,5,2.374,2.304,2.35/2.39,2.28/2.32,2024-01-02 12:57:10.881000,,,
2024-01-02 10:01:49.583000,SPY_010324C475,rmarko4231,team-alerts,0,option,BTO,0.4,20,0.41,,,,0.0,-7.317073170731701,0.0,-59.99999999999994,20,0.4,0.38,0.4,0.38,2024-01-02 10:21:35.065000,,,
2024-01-02 10:02:57.535000,V_011924P252.5,tradewithnando,team-alerts,0,option,BTO,1.4,25,1.43,1.44/1.38,1.46/1.41,1,-100.0,-100.0,-3500.0,-3575.0,25,0,0,0,0,2024-01-19T16:00:00+0000,,,1.0
2024-01-03 06:42:47.803000,NVDA_011224P460,rmarko4231,team-alerts,0,option,BTO,3.45,3,3.35,,,,10.628019323671484,14.925373134328357,109.99999999999986,150.0,3,3.8166666666666664,3.85,3.65/3.9/3.9,3.85/4.0/3.7,2024-01-03 07:00:04.653000,,,
2024-01-03 07:04:12.515000,GLD_031524C195,rmarko4231,team-alerts,1,option,BTO,3.5,3,3.4,,,,13.571428571428562,1.3061447348531254e-14,94.99999999999994,8.881784197001252e-14,2,3.9749999999999996,3.4000000000000004,4.1/3.85,3.6/3.2,2024-01-05 08:00:42.332000,,,
2024-01-03 10:15:22.947000,SPY_010324C471,tradewithnando,team-alerts,0,option,BTO,0.44,25,0.48,0.47/0.42,0.49/0.47,1,-74.54545454545453,-78.33333333333333,-819.9999999999999,-939.9999999999999,25,0.11200000000000002,0.10400000000000001,0.56/0,0.52/0,2024-01-03T16:00:00+0000,,,1.0
2024-01-03 11:41:37.930000,SPY_010324C471,rmarko4231,team-alerts,0,option,BTO,0.36,10,0.42,,,,36.11111111111113,16.428571428571445,130.00000000000006,69.00000000000007,10,0.49000000000000005,0.48900000000000005,0.43/0.52/0.51,0.45/0.54/0.46,2024-01-03 11:46:01.853000,,,
2024-01-04 06:33:33.971000,NFLX_011224P460,rmarko4231,team-alerts,0,option,BTO,4.15,6,4.58,4.15/4.15,4.9/4.25,1,-18.79518072289158,-29.912663755458528,-468.00000000000034,-822.0000000000003,6,3.3699999999999997,3.2099999999999995,4.75/2.68,4.55/2.54,2024-01-04 07:51:08.779000,,,
2024-01-04 06:34:14.369000,META_010524P345,princeton.,team-alerts,0,option,BTO,3.3,3,3.6,,,,-33.63636363636363,-39.72222222222223,-332.99999999999994,-429.0000000000001,3,2.19,2.17,2.19,2.17,2024-01-04 07:08:39.230000,,,
2024-01-04 06:51:50.246000,CVX_011224C155,rmarko4231,team-alerts,0,option,BTO,0.98,20,1.05,1.2/0.77,1.29/0.81,1,-14.285714285714288,-24.761904761904763,-280.00000000000006,-520.0000000000001,20,0.84,0.79,0.84,0.79,2024-01-04 08:20:23.422000,,,
2024-01-05 06:45:15.415000,COST_010524C660,rmarko4231,team-alerts,0,option,BTO,1.09,3,1.25,,,,19.266055045871553,-5.600000000000005,62.999999999999986,-21.000000000000018,3,1.3,1.18,1.4/1.25/1.25,1.3/1.2/1.04,2024-01-05 06:57:05.378000,,,
2024-01-05 07:40:00.507000,SMCI_011224C300,rmarko4231,team-alerts,0,option,BTO,7.4,1,7.6,,,,8.108108108108103,-3.947368421052629,59.99999999999997,-29.999999999999982,1,8.0,7.3,8.0,7.3,2024-01-05 07:56:28.954000,,,
2024-01-05 09:13:08.856000,SPY_010824C471,rmarko4231,team-alerts,0,option,BTO,0.39,5,0.36,,,,-41.02564102564102,-36.11111111111111,-80.0,-64.99999999999999,5,0.23,0.23,0.23,0.23,2024-01-05 10:04:02.429000,,,
2024-01-08 06:42:17.359000,TSLA_011224C240,rmarko4231,team-alerts,0,option,BTO,3.2,1,3.25,,,,11.249999999999996,4.615384615384613,35.99999999999999,14.999999999999993,1,3.56,3.4,3.56,3.4,2024-01-08 06:48:37.742000,,,
2024-01-08 07:00:55.854000,AAPL_011224C185,tradewithnando,team-alerts,0,option,BTO,1.1,10,1.15,,,,26.363636363636367,17.478260869565243,290.00000000000006,201.00000000000028,10,1.3900000000000001,1.3510000000000002,1.29/1.3/1.54/1.45,1.22/1.28/1.5/1.43,2024-01-08 09:09:42.102000,,,
2024-01-08 07:02:51.466000,C_012624C55,rmarko4231,team-alerts,0,option,BTO,0.85,20,0.88,,,,11.941176470588239,6.420454545454544,203.00000000000006,112.99999999999997,20,0.9515,0.9365,0.92/0.98/1.01/0.95,0.91/0.95/1.0/0.94,2024-01-08 08:02:38.831000,,,
2024-01-08 07:13:16.755000,USO_021624C69,rmarko4231,team-alerts,0,option,BTO,1.83,10,1.84,,,,11.530054644808734,8.369565217391312,210.99999999999983,154.00000000000014,10,2.041,1.9940000000000002,1.92/1.95/2.2/2.2,1.85/1.93/2.16/2.12,2024-01-09 06:41:20.558000,,,
2024-01-08 08:06:46.200000,LLY_012624C650,rmarko4231,team-alerts,0,option,BTO,2.95,3,2.99,,,,9.60451977401128,2.229654403567439,84.99999999999983,19.99999999999993,3,3.233333333333333,3.0566666666666666,3.2/3.25,2.97/3.1,2024-01-08 08:21:05.082000,,,
2024-01-08 08:25:55.738000,WYNN_012624C100,rmarko4231,team-alerts,0,option,BTO,1.26,16,1.29,1.4/1.18,1.42/1.21,2,12.103174603174592,4.554263565891479,243.99999999999977,94.00000000000013,16,1.4124999999999999,1.3487500000000001,1.35/1.4/1.7/1.5,1.32/1.37/1.38/1.51,2024-01-08 10:57:51.534000,,,
2024-01-08 09:17:05.421000,META_011224C360,tradewithnando,team-alerts,0,option,BTO,2.01,5,2.05,,,,23.084577114427884,16.390243902439043,232.0000000000002,168.00000000000017,5,2.474,2.386,2.35/2.43/2.62,2.23/2.41/2.53,2024-01-08 10:00:39.991000,,,
2024-01-08 11:41:30.762000,XOM_011924C101,tradewithnando,team-alerts,0,option,BTO,1.25,15,1.25,1.28/1.18,1.27/1.2,1,-43.73333333333333,-45.33333333333333,-819.9999999999999,-849.9999999999999,15,0.7033333333333334,0.6833333333333333,1.56/0.55/0,1.55/0.5/0,2024-01-19T16:00:00+0000,,,1.0
2024-01-08 12:57:27.030000,SPXW_011024P4720,blondebroker,team-alerts,0,option,BTO,2.9,1,2.9,,,,165.51724137931038,165.51724137931038,480.00000000000006,480.00000000000006,1,7.7,7.7,7.7,7.7,2024-01-09 06:31:04.132000,,,
2024-01-09 06:45:15.984000,SOXL_012624C30,rmarko4231,team-alerts,0,option,BTO,0.74,20,0.78,,,,7.4324324324324245,-11.538461538461533,109.99999999999987,-179.99999999999994,20,0.7949999999999999,0.6900000000000001,0.83/0.76,0.62/0.76,2024-01-09 06:49:21.609000,,,
2024-01-09 06:56:37.092000,CLX_012624C143,rmarko4231,team-alerts,0,option,BTO,1.85,10,1.95,,,,-27.027027027027025,-38.46153846153847,-500.0,-750.0000000000001,10,1.35,1.2,1.35,1.2,2024-01-09 08:44:54.538000,,,
2024-01-09 07:32:31.207000,SPY_011024C475,rmarko4231,team-alerts,0,option,BTO,0.49,20,0.46,,,,6.122448979591842,9.78260869565217,60.00000000000004,89.99999999999997,20,0.52,0.505,0.51/0.54/0.52,0.5/0.51/0.51,2024-01-09 07:43:37.431000,,,
2024-01-09 11:15:48.933000,TSLA_011224P232.5,princeton.,team-alerts,0,option,BTO,2.92,5,2.91,,,,0.6849315068493157,-1.3745704467353963,10.000000000000009,-20.000000000000018,5,2.94,2.87,2.94,2.87,2024-01-09 11:22:37.445000,,,
2024-01-10 06:41:10.823000,CAT_011924C300,rmarko4231,team-alerts,0,option,BTO,1.48,15,1.55,1.65/1.4,1.76/1.45,1,-17.56756756756757,-30.32258064516129,-390.0,-705.0,15,1.22,1.08,1.22,1.08,2024-01-10 10:09:26.913000,,,
2024-01-10 06:46:30.018000,LUV_012624C31,rmarko4231,team-alerts,0,option,BTO,0.51,30,0.5,,,,18.30065359477123,18.333333333333336,279.99999999999983,275.00000000000006,30,0.6033333333333333,0.5916666666666667,0.57/0.61/0.62/0.64,0.57/0.59/0.61/0.62,2024-01-10 08:29:58.976000,,,
2024-01-10 07:57:13.322000,PYPL_012624C62,tradewithnando,team-alerts,0,option,BTO,1.23,10,1.24,,,,18.455284552845537,15.564516129032263,227.0000000000001,193.00000000000009,10,1.457,1.433,1.43/1.46/1.52/1.44,1.42/1.45/1.5/1.39,2024-01-10 12:21:33.152000,,,
2024-01-10 10:52:27.821000,DASH_012624C105,rmarko4231,team-alerts,0,option,BTO,3.4,3,3.5,,,,11.274509803921568,5.714285714285732,114.99999999999999,60.00000000000019,3,3.783333333333333,3.7000000000000006,3.7/3.75/3.9,3.6/3.7/3.8,2024-01-10 11:49:30.649000,,,
2024-01-10 12:04:50.061000,SPY_011024C477,tradewithnando,team-alerts,0,option,BTO,0.52,10,0.55,,,,-5.769230769230763,-29.81818181818182,-29.999999999999968,-164.00000000000003,10,0.49000000000000005,0.386,0.65/0.45,0.61/0.33,2024-01-10 12:15:40.727000,,,
2024-01-10 12:12:18.297000,IWM_011224C200,rmarko4231,team-alerts,0,option,BTO,0.48,5,0.48,,,,-18.749999999999993,-20.83333333333333,-44.999999999999986,-49.99999999999999,5,0.39,0.38,0.39,0.38,2024-01-10 12:35:17.445000,,,
2024-01-10 12:16:20.910000,SPY_011024C477,tradewithnando,team-alerts,0,option,BTO,0.42,10,0.48,,,,-40.476190476190474,-62.5,-170.0,-300.0,10,0.25,0.18,0.25,0.18,2024-01-10 12:21:16.902000,,,
2024-01-10 12:34:45.957000,COIN_011924P145,tradewithnando,team-alerts,0,option,BTO,6.4,2,6.5,,,,3.124999999999989,-13.076923076923071,39.99999999999986,-169.99999999999991,2,6.6,5.65,6.6,5.65,2024-01-11 07:21:43.330000,,,
2024-01-10 12:57:34.468000,DASH_011224C108,rmarko4231,team-alerts,0,option,BTO,0.55,3,0.57,,,,-63.63636363636363,-63.15789473684211,-105.0,-108.0,3,0.2,0.21,0.2,0.21,2024-01-11 06:52:00.240000,,,
2024-01-11 06:36:34.825000,TSLA_011924P230,rmarko4231,team-alerts,0,option,BTO,5.8,2,6.2,,,,7.758620689655175,0.40322580645160433,90.00000000000003,4.999999999999893,2,6.25,6.225,6.0/6.5,6.0/6.45,2024-01-11 07:01:58.846000,,,
2024-01-11 06:43:51.270000,PYPL_012624C62,tradewithnando,team-alerts,0,option,BTO,1.1,10,1.13,,,,21.27272727272727,16.46017699115046,234.0,186.00000000000017,10,1.334,1.316,1.33/1.39/1.26,1.31/1.37/1.25,2024-01-11 12:05:43.716000,,,
2024-01-11 06:53:19.886000,DE_012624C405,rmarko4231,team-alerts,0,option,BTO,2.46,10,2.85,2.73/2.2,3.3/2.4,1,-17.849223946784917,-41.46730462519936,-482.9999999999999,-1300.0,11,2.020909090909091,1.6681818181818182,2.93/1.93,2.75/1.56,2024-01-11 08:16:15.157000,,,
2024-01-11 12:45:53.479000,PYPL_012624C62,tradewithnando,team-alerts,0,option,BTO,1.25,5,1.24,,,,-66.4,-70.16129032258065,-415.0,-435.00000000000006,5,0.42,0.37,0.42,0.37,2024-01-16 07:03:58.520000,,,
2024-01-12 06:38:26.410000,GE_020924C135,rmarko4231,team-alerts,0,option,BTO,2.51,8,2.65,2.63/2.4,2.76/2.54,1,-4.780876494023909,-12.641509433962264,-96.00000000000009,-268.0,8,2.3899999999999997,2.315,2.73/2.05,2.67/1.96,2024-02-01 12:08:03.928000,,,
2024-01-12 06:51:13.789000,ULTA_012624C500,rmarko4231,team-alerts,0,option,BTO,2.36,6,2.48,2.82/1.9,3.0/1.95,1,-17.3728813559322,-29.435483870967744,-245.99999999999994,-438.0,6,1.95,1.75,1.95,1.75,2024-01-12 12:24:20.611000,,,
2024-01-12 09:19:44.378000,SPY_011224C477,tradewithnando,team-alerts,0,option,BTO,0.38,25,0.39,0.47/0.32,0.45/0.35,1,6.842105263157872,-5.128205128205133,64.99999999999979,-50.00000000000004,25,0.4059999999999999,0.37,0.47/0.42/0.36,0.45/0.38/0.32,2024-01-12 09:58:23.402000,,,
2024-01-12 09:26:41.554000,SPXW_011724C4780,blondebroker,team-alerts,0,option,BTO,15.8,1,16.9,,,,4.430379746835438,-3.550295857988153,69.99999999999993,-59.99999999999979,1,16.5,16.3,16.5,16.3,2024-01-12 09:28:02.908000,,,
2024-01-12 10:00:23.785000,SPY_011224C477,tradewithnando,team-alerts,0,option,BTO,0.39,10,0.41,,,,20.76923076923076,7.560975609756104,80.99999999999996,31.00000000000003,10,0.471,0.441,0.49/0.52/0.44,0.48/0.46/0.41,2024-01-12 10:20:57.926000,,,
2024-01-12 10:30:03.298000,AAPL_011924C187.5,tradewithnando,team-alerts,0,option,BTO,1.01,10,1.04,,,,297.029702970297,284.6153846153846,3000.0,2960.0,10,4.01,4.0,4.01,4.0,2024-01-19 11:26:16.846000,,,
2024-01-16 06:35:22.378000,WMT_021624C165,rmarko4231,team-alerts,0,option,BTO,1.68,5,1.77,,,,10.000000000000009,1.9209039548022488,84.00000000000007,16.9999999999999,5,1.848,1.8039999999999998,1.84/1.8/1.96,1.8/1.73/1.96,2024-01-18 12:51:33.068000,,,
2024-01-16 07:14:23.327000,SNOW_011924C192.5,tradewithnando,team-alerts,0,option,BTO,1.77,5,1.82,,,,14.576271186440678,8.241758241758236,129.0,74.99999999999994,5,2.028,1.97,1.98/2.1,1.95/2.0,2024-01-16 07:21:11.371000,,,
2024-01-16 07:34:52.336000,SPY_011624C477,tradewithnando,team-alerts,0,option,BTO,0.45,10,0.48,,,,25.77777777777776,12.083333333333345,115.99999999999993,58.00000000000005,10,0.566,0.538,0.58/0.6/0.48,0.55/0.57/0.46,2024-01-16 07:51:31.451000,,,
2024-01-16 07:55:02.774000,SPY_011624C478,tradewithnando,team-alerts,0,option,BTO,0.15,20,0.16,0.23/0.12,0.24/0.14,1,46.66666666666667,25.000000000000007,175.00000000000003,100.00000000000003,25,0.22,0.2,0.22,0.2,2024-01-16 08:23:13.447000,,,
2024-01-16 08:26:09.261000,SPY_011624C477,tradewithnando,team-alerts,0,option,BTO,0.43,5,0.45,,,,-58.139534883720934,-66.66666666666667,-125.0,-150.00000000000003,5,0.18,0.15,0.18,0.15,2024-01-16 08:58:18.849000,,,
2024-01-16 12:16:46.641000,SPY_011924P473,tradewithnando,team-alerts,0,option,BTO,1.45,10,1.44,,,,90.89655172413792,90.34722222222227,1317.9999999999998,1301.000000000001,10,2.768,2.7410000000000005,2.7/2.9/2.74,2.64/2.93/2.71,2024-01-17 06:41:20.346000,,,
2024-01-17 06:44:43.409000,NFLX_011924P477.5,tradewithnando,team-alerts,0,option,BTO,3.98,1,4.4,,,,26.88442211055276,9.09090909090908,106.99999999999999,39.99999999999995,1,5.05,4.8,5.05,4.8,2024-01-17 06:49:08.158000,,,
2024-01-17 06:46:05.338000,LLY_012624C650,rmarko4231,team-alerts,0,option,BTO,4.8,3,3.85,,,,20.833333333333353,6.493506493506505,300.0000000000003,75.00000000000014,3,5.800000000000001,4.1000000000000005,5.2/5.9/6.3,3.65/4.25/4.4,2024-01-17 07:45:54.488000,,,
2024-01-17 06:51:46.692000,XOM_020224P96,tradewithnando,team-alerts,0,option,BTO,1.36,10,1.37,,,,16.176470588235293,13.868613138686126,220.0,189.99999999999994,10,1.58,1.56,1.57/1.59,1.55/1.57,2024-01-17 10:06:47.696000,,,
2024-01-17 08:20:58.440000,SPY_011824C475,rmarko4231,team-alerts,0,option,BTO,0.54,10,0.56,,,,-2.77777777777778,-7.142857142857148,-15.000000000000014,-40.00000000000003,10,0.525,0.52,0.6/0.45,0.58/0.46,2024-01-17 08:54:08.620000,,,
2024-01-17 08:47:35.986000,ORCL_020924C110,rmarko4231,team-alerts,0,option,BTO,1.16,5,1.2,,,,-14.6551724137931,-19.166666666666664,-84.99999999999997,-114.99999999999999,5,0.99,0.97,0.99,0.97,2024-01-17 10:24:00.026000,,,
2024-01-17 08:53:35.677000,SPY_011724P472,tradewithnando,team-alerts,0,option,BTO,0.63,10,0.67,,,,32.85714285714287,14.477611940298518,207.00000000000006,97.00000000000009,10,0.8370000000000001,0.7670000000000001,0.81/0.84/0.88,0.77/0.77/0.76,2024-01-17 09:11:09.565000,,,
2024-01-17 09:13:38.645000,SPY_011724C473,tradewithnando,team-alerts,0,option,BTO,0.28,25,0.29,0.39/0.21,0.4/0.21,1,-42.85714285714286,-51.72413793103448,-300.00000000000006,-374.9999999999999,25,0.16,0.14,0.16,0.14,2024-01-17 09:45:11.544000,,,
2024-01-17 10:17:34.507000,SPXW_011924C4760,blondebroker,team-alerts,0,option,BTO,4.9,2,7.55,4.9/4.9,7.6/7.5,1,-52.04081632653062,-56.95364238410596,-510.0000000000001,-860.0,2,2.35,3.25,4.7/0,6.5/0,2024-01-19T16:00:00+0000,,,1.0
2024-01-17 10:28:06.846000,SNOW_011924C190,tradewithnando,team-alerts,0,option,BTO,1.32,10,1.33,,,,19.696969696969695,13.53383458646616,260.0,179.99999999999994,10,1.58,1.51,1.58,1.51,2024-01-17 11:53:40.047000,,,
2024-01-17 12:01:12.035000,CRM_012624C275,tradewithnando,team-alerts,0,option,BTO,2.72,2,2.7,,,,10.661764705882337,9.62962962962962,57.99999999999992,51.99999999999996,2,3.01,2.96,3.01,2.96,2024-01-17 12:56:46.595000,,,
2024-01-18 06:41:59.689000,PEP_020924P165,rmarko4231,team-alerts,0,option,BTO,2.8,5,2.85,,,,-100.0,-100.0,-1400.0,-1425.0,5,0,0,0,0,2024-02-09T16:00:00+0000,,,1.0
2024-01-18 06:51:40.547000,INTC_020924C50,rmarko4231,team-alerts,0,option,BTO,1.22,20,1.08,1.29/1.15,1.18/0.98,1,-5.737704918032792,-11.11111111111112,-140.0000000000001,-240.00000000000023,20,1.15,0.96,1.15,0.96,2024-01-18 09:10:22.521000,,,
2024-01-18 07:49:21.992000,SPY_011824C475,tradewithnando,team-alerts,0,option,BTO,0.65,10,0.67,,,,-64.61538461538461,-71.64179104477611,-420.0,-480.0,10,0.23,0.19,0.23,0.19,2024-01-18 09:13:11.916000,,,
2024-01-18 09:20:29.562000,SPY_011824P473,tradewithnando,team-alerts,0,option,BTO,0.5,10,0.53,,,,41.000000000000014,22.641509433962263,205.00000000000006,120.0,10,0.7050000000000001,0.65,0.78/0.63,0.71/0.59,2024-01-18 10:33:18.661000,,,
2024-01-18 10:41:43.972000,MCD_012624C295,tradewithnando,team-alerts,0,option,BTO,1.72,10,1.74,,,,13.662790697674424,9.19540229885057,235.0000000000001,159.99999999999994,10,1.955,1.9,2.05/1.86,1.97/1.83,2024-01-18 11:44:16.813000,,,
2024-01-18 11:38:54.695000,DASH_020224C107,tradewithnando,team-alerts,0,option,BTO,2.06,5,2.06,,,,11.16504854368932,2.427184466019409,115.0,24.99999999999991,5,2.29,2.11,2.29,2.11,2024-01-18 12:50:09.240000,,,
2024-01-18 12:55:02.188000,TSLA_011924P210,tradewithnando,team-alerts,0,option,BTO,1.56,3,1.55,,,,52.564102564102555,39.99999999999999,245.99999999999994,185.99999999999997,3,2.38,2.17,2.38,2.17,2024-01-19 06:31:18.100000,,,
2024-01-19 06:34:37.326000,SHOP_020924C80,rmarko4231,team-alerts,0,option,BTO,2.1,10,2.41,,,,8.095238095238091,-12.86307053941909,169.99999999999994,-310.00000000000006,10,2.27,2.1,2.27,2.1,2024-01-19 06:35:34.059000,,,
2024-01-19 06:53:17.177000,DIS_020224C95,rmarko4231,team-alerts,0,option,BTO,0.85,30,0.9,,,,-29.411764705882355,16.111111111111125,-750.0,435.0000000000004,30,0.6,1.0450000000000002,0.1/1.1/1.2/1.0,1.0/1.09/1.15/1.03,2024-01-19 07:06:35.971000,,,
2024-01-19 07:24:34.644000,DASH_012624C107,tradewithnando,team-alerts,0,option,BTO,1.9,5,1.2,,,,-18.42105263157894,25.833333333333343,-174.99999999999994,155.00000000000006,5,1.55,1.51,1.55,1.51,2024-01-19 11:02:29.011000,,,
2024-01-19 07:24:54.966000,DASH_020224C107,tradewithnando,team-alerts,0,option,BTO,1.9,5,2.05,,,,15.473684210526317,4.58536585365853,147.0,46.99999999999993,5,2.194,2.1439999999999997,2.19/2.2,2.14/2.15,2024-01-19 10:20:35.937000,,,
2024-01-19 07:32:15.200000,SPY_011924C479,tradewithnando,team-alerts,0,option,BTO,0.41,10,0.43,,,,25.609756097560986,10.465116279069765,105.00000000000003,44.99999999999999,10,0.515,0.475,0.54/0.49,0.52/0.43,2024-01-19 07:50:15.009000,,,
2024-01-19 07:45:59.411000,AMZN_012624C155,rmarko4231,team-alerts,0,option,BTO,1.39,3,1.43,,,,19.424460431654694,15.151515151515143,81.00000000000006,64.99999999999996,3,1.6600000000000001,1.6466666666666665,1.56/1.71/1.71,1.56/1.69/1.69,2024-01-19 09:30:43.050000,,,
2024-01-19 08:23:29.108000,BA_011924C212.5,tradewithnando,team-alerts,0,option,BTO,0.92,10,0.94,,,,18.913043478260875,10.851063829787268,174.00000000000006,102.00000000000031,10,1.094,1.0420000000000003,1.08/1.18/1.0,1.06/1.1/0.91,2024-01-19 08:30:03.164000,,,
2024-01-19 09:31:58.851000,BA_011924C212.5,tradewithnando,team-alerts,0,option,BTO,0.65,10,0.75,,,,31.384615384615394,6.133333333333324,204.00000000000006,45.99999999999993,10,0.8540000000000001,0.7959999999999999,0.85/0.91/0.78,0.82/0.82/0.7,2024-01-19 09:52:49.064000,,,
2024-01-19 11:49:27.807000,TSLA_012624C220,tradewithnando,team-alerts,0,option,BTO,4.2,3,4.2,,,,23.809523809523807,22.61904761904762,299.99999999999994,285.00000000000006,3,5.2,5.15,5.2,5.15,2024-01-22 07:16:14.168000,,,
2024-01-22 06:35:00.972000,IOT_021624C35,rmarko4231,team-alerts,0,option,BTO,1.45,10,1.55,,,,20.689655172413826,8.387096774193555,300.00000000000045,130.0000000000001,10,1.7500000000000004,1.6800000000000002,1.6/1.8/2.05/1.6/1.6,1.5/1.7/1.95/1.6/1.6,2024-01-22 07:25:17.075000,,,
2024-01-22 06:41:12.281000,DE_021624C400,rmarko4231,team-alerts,0,option,BTO,6.3,3,6.6,,,,16.402116402116402,7.828282828282841,310.0,155.00000000000026,3,7.333333333333333,7.116666666666667,7.0/7.2/7.8,6.6/7.1/7.65,2024-01-23 06:58:50.309000,,,
2024-01-22 07:21:03.262000,DIS_020224C95,rmarko4231,team-alerts,0,option,BTO,1.09,10,1.14,,,,19.266055045871575,13.157894736842119,210.00000000000017,150.00000000000014,10,1.3000000000000003,1.29,1.25/1.32/1.36,1.25/1.31/1.33,2024-01-22 08:21:57.133000,,,
2024-01-22 07:48:00.629000,XLY_031524C180,rmarko4231,team-alerts,0,option,BTO,2.66,3,2.63,,,,20.30075187969925,17.870722433460084,162.00000000000003,141.00000000000006,3,3.2,3.1,3.2,3.1,2024-02-07 08:07:20.105000,,,
2024-01-22 08:25:23.715000,DAL_021624C38,tradewithnando,team-alerts,0,option,BTO,1.09,10,1.1,,,,23.85321100917431,19.999999999999996,260.0,219.99999999999997,10,1.35,1.32,1.35,1.32,2024-01-23 07:01:09.062000,,,
2024-01-22 09:48:57.124000,SPY_012224P484,tradewithnando,team-alerts,0,option,BTO,0.7,10,0.78,,,,36.85714285714286,15.897435897435882,258.0,123.99999999999989,10,0.958,0.9039999999999999,0.97/1.03/0.82,0.92/0.94/0.81,2024-01-22 10:05:55.729000,,,
2024-01-22 10:34:13.880000,SPY_012224C483,tradewithnando,team-alerts,0,option,BTO,0.65,10,0.67,,,,25.38461538461539,17.462686567164177,165.00000000000003,117.0,10,0.8150000000000001,0.787,0.78/0.83/0.88,0.75/0.8/0.86,2024-01-22 10:47:28.929000,,,
2024-01-22 12:00:22.818000,SPY_012224C484,tradewithnando,team-alerts,0,option,BTO,0.24,15,0.22,,,,66.66666666666669,63.636363636363626,240.00000000000006,209.99999999999997,15,0.4,0.36,0.39/0.42,0.36/0.36,2024-01-22 12:29:20.289000,,,
2024-01-22 12:59:50.482000,SPY_012624C485,tradewithnando,team-alerts,0,option,BTO,1.66,5,1.69,,,,12.650602409638568,7.6923076923077,105.00000000000011,65.00000000000006,5,1.87,1.82,1.87,1.82,2024-01-23 07:13:05.095000,,,
2024-01-23 06:45:21.923000,LLY_012624C630,rmarko4231,team-alerts,0,option,BTO,2.6,3,3.05,,,,-28.846153846153854,-46.99453551912568,-225.00000000000009,-429.99999999999994,3,1.8499999999999999,1.616666666666667,3.15/2.4/0,2.99/1.86/0,2024-01-26T16:00:00+0000,,,1.0
2024-01-23 07:17:23.928000,CAT_020224C300,rmarko4231,team-alerts,0,option,BTO,2.15,3,2.17,,,,-20.46511627906977,-23.502304147465438,-132.0,-153.0,3,1.71,1.66,1.71,1.66,2024-01-23 07:33:29.170000,,,
2024-01-23 08:13:12.819000,SPY_012324C484,tradewithnando,team-alerts,0,option,BTO,0.44,20,0.43,0.53/0.36,0.5/0.36,1,21.590909090909072,20.930232558139565,189.99999999999983,180.00000000000026,20,0.5349999999999999,0.5200000000000001,0.55/0.49,0.54/0.46,2024-01-23 10:01:23.750000,,,
2024-01-23 10:31:13.180000,XOM_021624C101,tradewithnando,team-alerts,0,option,BTO,1.07,10,1.08,,,,27.570093457943894,24.166666666666657,294.99999999999966,260.9999999999999,10,1.3649999999999998,1.341,1.29/1.4/1.5,1.27/1.36/1.49,2024-01-24 08:38:21.863000,,,
2024-01-24 06:32:00.273000,COST_020924C700,rmarko4231,team-alerts,0,option,BTO,4.8,3,4.9,,,,14.583333333333337,11.224489795918362,210.00000000000006,164.99999999999994,3,5.5,5.45,5.5,5.45,2024-01-29 12:11:19.747000,,,
2024-01-24 06:58:29.052000,SNOW_020924C210,rmarko4231,team-alerts,0,option,BTO,7.0,2,7.15,,,,11.785714285714288,9.090909090909083,165.00000000000003,129.9999999999999,2,7.825,7.8,7.7/7.95,7.6/8.0,2024-01-24 07:15:49.098000,,,
2024-01-24 08:37:06.638000,JPM_031524C175,rmarko4231,team-alerts,0,option,BTO,2.47,6,2.51,2.55/2.4,2.6/2.42,1,13.360323886639677,9.561752988047818,198.00000000000006,144.0000000000001,6,2.8000000000000003,2.75,3.2/2.6,3.05/2.6,2024-01-25 06:47:33.293000,,,
2024-01-24 08:57:12.171000,SPY_012524C490,tradewithnando,team-alerts,0,option,BTO,0.7,5,0.69,,,,18.857142857142875,15.942028985507262,66.00000000000006,55.00000000000006,5,0.8320000000000001,0.8,0.82/0.85,0.78/0.83,2024-01-24 09:59:02.064000,,,
2024-01-24 12:05:03.172000,CVS_021624C76,tradewithnando,team-alerts,0,option,BTO,1.2,10,1.24,1.52/0.88,1.52/0.96,1,13.66666666666668,8.70967741935483,164.00000000000017,107.99999999999989,10,1.364,1.3479999999999999,1.41/1.51/1.03,1.39/1.49/1.03,2024-02-01 07:10:23.792000,,,
2024-01-25 06:38:06.137000,ULTA_021624C500,rmarko4231,team-alerts,0,option,BTO,5.2,5,5.5,,,,68.46153846153845,39.63636363636363,1779.9999999999998,1089.9999999999998,5,8.76,7.68,6.4/7.0/12.0/12.0,6.3/6.8/10.9/8.1,2024-01-26 06:38:09.287000,,,
2024-01-25 08:18:07.893000,SPY_012624C490,rmarko4231,team-alerts,0,option,BTO,0.65,20,0.63,,,,-23.076923076923077,-19.047619047619047,-300.0,-240.0,20,0.5,0.51,0.5,0.51,2024-01-25 08:43:43.503000,,,
2024-01-25 09:46:50.948000,CRM_020224C280,princeton.,team-alerts,0,option,BTO,3.9,6,3.9,3.9/3.9,3.9/3.9,1,-45.085470085470085,-44.65811965811966,-1055.0,-1045.0,6,2.1416666666666666,2.158333333333333,4.5/4.7/3.65/0,4.5/4.7/3.75/0,2024-02-02T16:00:00+0000,,,1.0
2024-01-25 09:51:16.282000,PYPL_012624C62,rmarko4231,team-alerts,0,option,BTO,0.49,2,0.48,,,,-38.775510204081634,-43.74999999999999,-38.0,-41.99999999999999,2,0.3,0.27,0.3,0.27,2024-01-25 09:56:08.350000,,,
2024-01-25 11:33:39.933000,SPY_012524C486,tradewithnando,team-alerts,0,option,BTO,0.56,17,0.57,0.63/0.45,0.65/0.46,1,34.13865546218485,24.14860681114552,324.99999999999983,234.00000000000009,17,0.7511764705882352,0.7076470588235294,0.68/0.73/0.8/0.84,0.69/0.69/0.72/0.75,2024-01-25 12:00:06.674000,,,
2024-01-25 12:03:54.968000,QQQ_012524C426,tradewithnando,team-alerts,0,option,BTO,0.29,20,0.3,0.35/0.23,0.36/0.23,1,13.793103448275856,0.0,79.99999999999996,0.0,20,0.32999999999999996,0.3,0.36/0.3,0.32/0.28,2024-01-25 12:34:57.050000,,,
2024-01-25 12:44:32.336000,QQQ_012624P424,tradewithnando,team-alerts,0,option,BTO,1.01,5,1.04,,,,25.742574257425744,6.730769230769236,130.00000000000003,35.00000000000003,5,1.27,1.11,1.27,1.11,2024-01-26 06:33:05.204000,,,
2024-01-26 06:38:57.620000,MRK_031524C125,rmarko4231,team-alerts,0,option,BTO,1.46,5,1.53,,,,21.917808219178088,10.196078431372543,160.00000000000003,77.99999999999996,5,1.78,1.686,1.8/1.75,1.77/1.56,2024-01-29 07:14:51.248000,,,
2024-01-26 06:50:23.514000,SPY_012624C489,tradewithnando,team-alerts,0,option,BTO,0.35,25,0.38,0.4/0.32,0.43/0.34,1,40.00000000000001,25.26315789473685,350.00000000000006,240.00000000000009,25,0.49,0.47600000000000003,0.44/0.46/0.5/0.59,0.44/0.44/0.49/0.57,2024-01-26 07:32:48.673000,,,
2024-01-26 06:54:59.638000,WMT_020924C165,rmarko4231,team-alerts,0,option,BTO,1.12,5,1.16,,,,18.39285714285714,13.620689655172427,102.99999999999999,79.00000000000007,5,1.326,1.318,1.32/1.37/1.5/1.12,1.3/1.36/1.53/1.1,2024-01-29 07:54:40.644000,,,
2024-01-26 07:47:29.907000,NKE_020924C105,rmarko4231,team-alerts,0,option,BTO,0.85,5,0.91,,,,9.41176470588236,-0.8791208791208921,40.00000000000003,-4.000000000000059,5,0.93,0.9019999999999999,1.05/0.85,1.01/0.83,2024-01-26 11:24:20.425000,,,
2024-01-26 07:57:55.675000,QQQ_012624C426,tradewithnando,team-alerts,0,option,BTO,0.82,10,0.84,0.92/0.72,0.94/0.73,1,-60.97560975609756,-69.04761904761905,-500.0,-580.0,10,0.32,0.26,0.32,0.26,2024-01-26 09:36:16.519000,,,
2024-01-26 09:45:21.444000,NFLX_012624C580,rmarko4231,team-alerts,0,option,BTO,1.15,2,1.43,,,,-13.04347826086956,-30.069930069930066,-29.999999999999982,-85.99999999999999,2,1.0,1.0,1.0,1.0,2024-01-26 10:07:05.233000,,,
2024-01-26 10:03:14.261000,COIN_012624P123,tradewithnando,team-alerts,0,option,BTO,0.32,25,0.35,0.45/0.24,0.46/0.28,1,-78.125,-85.71428571428572,-625.0,-750.0,25,0.07,0.05,0.07,0.05,2024-01-26 11:17:32.320000,,,
2024-01-26 12:43:02.925000,TGT_021624C145,rmarko4231,team-alerts,0,option,BTO,1.92,2,1.93,,,,13.54166666666668,8.808290155440423,52.00000000000005,34.00000000000003,2,2.18,2.1,2.18,2.1,2024-02-01 10:54:14.288000,,,
2024-01-29 06:44:03.651000,DLTR_051724C150,rmarko4231,team-alerts,0,option,BTO,4.4,2,5.0,,,,-11.363636363636372,-25.999999999999996,-100.00000000000009,-259.99999999999994,2,3.9,3.7,3.9,3.7,2024-01-29 07:44:55.645000,,,
2024-01-29 06:46:55.562000,CROX_031524C110,rmarko4231,team-alerts,0,option,BTO,4.5,2,4.7,,,,7.77777777777777,0.0,69.99999999999993,0.0,2,4.85,4.7,4.85,4.7,2024-01-30 11:52:37.706000,,,
2024-01-29 06:59:58.258000,DIS_021624C100,rmarko4231,team-alerts,0,option,BTO,1.74,10,1.76,,,,10.344827586206893,8.409090909090903,179.99999999999994,147.9999999999999,10,1.92,1.908,1.85/1.9/2.0/1.95/1.95,1.81/1.9/2.02/1.94/1.93,2024-01-29 10:17:51.999000,,,
2024-01-29 07:37:27.796000,SPY_012924P487,tradewithnando,team-alerts,0,option,BTO,0.61,10,0.59,,,,-100.0,-100.0,-610.0,-590.0,10,0,0,0,0,2024-01-29T16:00:00+0000,,,1.0
2024-01-29 08:20:51.687000,QQQ_013024C428,rmarko4231,team-alerts,0,option,BTO,0.66,10,0.67,,,,9.84848484848484,5.223880597014913,64.99999999999996,34.99999999999992,10,0.725,0.705,0.71/0.74/0.74,0.68/0.73/0.73,2024-01-29 08:58:32.427000,,,
2024-01-29 09:39:54.455000,NKE_020924C105,rmarko4231,team-alerts,0,option,BTO,0.82,4,0.83,,,,25.60975609756096,20.48192771084338,83.99999999999994,68.00000000000001,4,1.0299999999999998,1.0,0.95/1.01/1.06/1.1,0.93/0.97/1.05/1.05,2024-01-29 12:39:00.417000,,,
2024-01-30 06:39:39.927000,LULU_021624C500,rmarko4231,team-alerts,0,option,BTO,4.8,2,5.85,,,,20.833333333333336,-9.401709401709399,200.00000000000003,-109.99999999999996,2,5.8,5.3,6.1/5.5,5.8/4.8,2024-01-30 06:50:11.205000,,,
2024-01-30 06:49:53.042000,KR_071924C50,rmarko4231,team-alerts,1,option,BTO,1.45,10,1.48,,,,,,,,,,,,,,,,
2024-01-30 06:57:53.285000,NKE_021624C105,rmarko4231,team-alerts,0,option,BTO,1.61,10,1.64,,,,3.6645962732919077,0.0,58.999999999999716,0.0,10,1.6689999999999998,1.64,1.74/1.69/1.6,1.73/1.67/1.55,2024-01-30 08:01:00.812000,,,
2024-01-30 07:31:48.875000,GLD_020724C190,rmarko4231,team-alerts,0,option,BTO,0.82,10,0.84,0.81/0.84,0.83/0.86,1,4.878048780487809,-1.1904761904761916,40.000000000000036,-10.000000000000009,10,0.86,0.83,0.86,0.83,2024-01-30 08:22:07.347000,,,
2024-01-30 09:03:40.702000,PINS_062124P35,rmarko4231,team-alerts,0,option,BTO,2.31,3,2.36,,,,13.131313131313128,6.638418079096067,90.99999999999997,47.000000000000156,3,2.6133333333333333,2.516666666666667,2.48/2.68,2.47/2.54,2024-01-31 06:31:36.815000,,,
2024-01-30 11:08:08.896000,SNOW_020924C215,rmarko4231,team-alerts,0,option,BTO,2.55,1,3.6,,,,0.0,-2.77777777777778,0.0,-10.000000000000007,1,2.55,3.5,2.55,3.5,2024-01-30 11:10:17.763000,,,
2024-01-30 11:10:43.162000,SNOW_020924C215,rmarko4231,team-alerts,0,option,BTO,3.5,1,3.6,,,,40.00000000000001,33.33333333333333,140.00000000000003,119.99999999999999,1,4.9,4.8,4.9,4.8,2024-02-02 08:28:24.384000,,,
2024-01-30 11:31:26.316000,SPY_013024C492,tradewithnando,team-alerts,0,option,BTO,0.43,10,0.43,,,,5.813953488372111,-1.1627906976744196,25.000000000000078,-5.000000000000004,10,0.45500000000000007,0.425,0.52/0.39,0.48/0.37,2024-01-30 12:31:34.026000,,,
2024-01-31 06:40:05.662000,FCX_041924C42,rmarko4231,team-alerts,1,option,BTO,1.77,14,1.82,1.88/1.73,1.98/1.75,1,10.638297872340436,3.5353535353535275,40.000000000000036,13.999999999999968,2,2.08,2.05,2.08,2.05,2024-01-31 06:54:35.833000,,,
2024-01-31 06:51:22.176000,CCJ_021624C50,rmarko4231,team-alerts,0,option,BTO,1.72,15,1.73,1.8/1.55,1.81/1.57,1,-19.76744186046512,-21.387283236994215,-510.0000000000001,-554.9999999999999,15,1.38,1.36,1.38,1.36,2024-01-31 07:43:54.509000,,,
2024-01-31 07:24:23.064000,CZR_030824C45,rmarko4231,team-alerts,1,option,BTO,2.74,3,2.84,,,,,,,,,,,,,,,,
2024-01-31 08:02:01.251000,URA_021624C31.5,rmarko4231,team-alerts,0,option,BTO,1.0,10,1.05,,,,67.5,52.38095238095239,1080.0,880.0000000000001,16,1.675,1.6,1.6/1.75,1.5/1.7,2024-02-01 06:53:30.297000,,,
2024-01-31 09:02:54.876000,MARA_021624C20,rmarko4231,team-alerts,0,option,BTO,1.1,5,1.12,,,,16.181818181818176,14.464285714285726,88.99999999999999,81.00000000000007,5,1.278,1.2820000000000003,1.21/1.32/1.4/1.25,1.26/1.33/1.35/1.21,2024-01-31 11:41:16.067000,,,
2024-02-01 06:38:54.439000,TSLA_030824P180,rmarko4231,team-alerts,0,option,BTO,5.85,2,5.9,,,,6.8376068376068435,4.23728813559322,80.00000000000007,49.99999999999999,2,6.25,6.15,6.6/5.9,6.55/5.75,2024-02-01 10:34:22.560000,,,
2024-02-01 07:06:54.731000,SPY_020224C490,rmarko4231,team-alerts,0,option,BTO,0.7,10,0.48,,,,0.0,8.333333333333341,0.0,40.000000000000036,10,0.7,0.52,0.7,0.52,2024-02-01 07:07:36.164000,,,
2024-02-01 07:08:08.533000,SPY_020224C489,rmarko4231,team-alerts,0,option,BTO,0.7,10,0.78,,,,21.99999999999999,8.717948717948726,153.99999999999991,68.00000000000007,10,0.8539999999999999,0.8480000000000001,0.82/0.87/0.89,0.81/0.87/0.88,2024-02-01 07:17:01.096000,,,
2024-02-01 07:20:29.837000,VZ_062124C45,rmarko4231,team-alerts,1,option,BTO,1.05,5,1.06,,,,,,,,,,,,,,,,
2024-02-01 07:26:02.341000,CVS_021624C76,tradewithnando,team-alerts,0,option,BTO,1.04,10,1.07,,,,5.7692307692307745,0.9345794392523372,60.00000000000006,10.000000000000009,10,1.1,1.08,1.1,1.08,2024-02-01 12:02:02.095000,,,
2024-02-01 08:31:34.047000,GLD_031524C190,rmarko4231,team-alerts,1,option,BTO,3.48,4,4.08,4.27/2.7,4.4/3.75,1,,,,,,,,,,,,,
2024-02-01 08:45:45.136000,TSN_041924C60,rmarko4231,team-alerts,0,option,BTO,1.07,5,1.25,,,,19.62616822429906,-4.0000000000000036,104.99999999999999,-25.00000000000002,5,1.28,1.2,1.28,1.2,2024-02-01 10:01:14.471000,,,
2024-02-01 08:53:34.930000,SPY_020124C487,tradewithnando,team-alerts,0,option,BTO,0.52,10,0.55,,,,69.42307692307692,55.27272727272724,361.0,303.99999999999983,10,0.881,0.8539999999999999,0.68/0.93/1.06,0.67/0.85/1.14,2024-02-01 09:06:41.451000,,,
2024-02-01 10:31:44.665000,INTC_020224C44,rmarko4231,team-alerts,0,option,BTO,0.13,10,0.15,,,,-100.0,-100.0,-130.0,-150.0,10,0,0,0,0,2024-02-02T16:00:00+0000,,,1.0
2024-02-01 11:40:06.265000,SPY_020124C489,tradewithnando,team-alerts,0,option,BTO,0.33,10,0.33,,,,55.75757575757575,52.72727272727272,184.0,174.0,10,0.514,0.504,0.46/0.64,0.45/0.63,2024-02-01 11:48:01.245000,,,
2024-02-01 11:40:20.377000,SPY_020124C488,tradewithnando,team-alerts,0,option,BTO,0.68,10,0.72,,,,49.99999999999999,38.88888888888889,340.0,280.00000000000006,10,1.02,1.0,0.89/1.15,0.91/1.09,2024-02-01 11:47:40.908000,,,
2024-02-01 12:06:01.568000,SE_021624C40.5,rmarko4231,team-alerts,0,option,BTO,1.81,2,1.84,,,,-3.314917127071826,14.130434782608695,-12.00000000000001,52.0,2,1.75,2.1,1.75,2.1,2024-02-02 07:27:11.754000,,,
2024-02-01 12:37:01.787000,SPY_020124C489,tradewithnando,team-alerts,0,option,BTO,0.6,5,0.61,,,,3.3333333333333366,0.0,10.000000000000009,0.0,5,0.62,0.61,0.62,0.61,2024-02-01 12:47:02.322000,,,
2024-02-02 06:40:27.860000,TSLA_020924P180,rmarko4231,team-alerts,0,option,BTO,2.29,10,2.32,,,,18.733624454148483,15.862068965517237,429.0000000000003,367.9999999999999,10,2.7190000000000003,2.6879999999999997,2.5/2.93/3.05/2.4,2.55/2.85/3.0/2.34,2024-02-02 09:59:35.333000,,,
2024-02-02 07:22:16.238000,NVDA_020924P650,rmarko4231,team-alerts,0,option,BTO,11.5,1,11.65,,,,-13.043478260869565,-15.450643776824041,-150.0,-180.00000000000009,1,10.0,9.85,10.0,9.85,2024-02-02 08:38:58.069000,,,
2024-02-02 07:29:40.707000,CVS_022324C76,tradewithnando,team-alerts,0,option,BTO,1.12,10,1.15,,,,12.499999999999991,6.086956521739136,139.99999999999991,70.00000000000006,10,1.26,1.22,1.26,1.22,2024-02-06 09:32:48.659000,,,
2024-02-02 07:51:07.160000,IWM_030124P190,rmarko4231,team-alerts,0,option,BTO,2.62,3,2.83,,,,36.132315521628485,25.441696113074215,283.9999999999999,216.00000000000009,3,3.5666666666666664,3.5500000000000003,3.31/3.72/3.67,3.32/3.69/3.64,2024-02-05 08:10:59.622000,,,
2024-02-02 08:29:40.507000,SPY_020224C493,tradewithnando,team-alerts,0,option,BTO,0.7,10,0.8,,,,64.28571428571428,33.74999999999997,449.99999999999994,269.9999999999998,10,1.15,1.0699999999999998,1.09/1.21,0.98/1.16,2024-02-02 08:40:17.181000,,,
2024-02-02 10:11:53.969000,SPY_020224C495,tradewithnando,team-alerts,0,option,BTO,0.4,15,0.42,0.42/0.35,0.44/0.37,1,47.500000000000014,30.95238095238097,285.0000000000001,195.0000000000001,15,0.5900000000000001,0.55,0.6/0.49/0.68,0.54/0.47/0.64,2024-02-02 11:03:03.262000,,,
2024-02-05 06:57:25.352000,TSLA_020924P180,rmarko4231,team-alerts,0,option,BTO,2.7,3,2.69,,,,24.691358024691368,23.296158612143735,200.0000000000001,187.99999999999994,3,3.366666666666667,3.3166666666666664,3.2/3.35/3.55,3.15/3.35/3.45,2024-02-05 07:13:33.879000,,,
2024-02-05 07:17:48.859000,QQQ_020624C430,rmarko4231,team-alerts,0,option,BTO,0.76,10,0.76,,,,-21.052631578947373,-26.315789473684205,-160.00000000000003,-199.99999999999997,10,0.6,0.56,0.6,0.56,2024-02-05 07:33:51.518000,,,
2024-02-05 07:44:33.076000,SPY_020524P490,tradewithnando,team-alerts,0,option,BTO,0.83,10,0.81,,,,-62.65060240963856,-61.72839506172839,-520.0,-500.0,10,0.31,0.31,0.31,0.31,2024-02-05 08:16:28.299000,,,
2024-02-05 08:07:45.402000,JD_092024C25,rmarko4231,team-alerts,0,option,BTO,2.6,2,2.67,,,,23.076923076923077,17.97752808988764,120.0,96.0,2,3.2,3.15,3.2,3.15,2024-02-06 07:18:15.983000,,,
2024-02-05 08:22:32.069000,CVNA_020924C43.5,tradewithnando,team-alerts,0,option,BTO,1.54,8,1.58,,,,21.428571428571434,12.658227848101248,264.00000000000006,159.99999999999977,8,1.87,1.7799999999999998,1.84/1.92,1.72/1.88,2024-02-05 11:59:04.229000,,,
2024-02-05 08:23:15.935000,SPY_030124P485,rmarko4231,team-alerts,1,option,BTO,3.0,3,3.12,,,,,,,,,,,,,,,,
2024-02-05 08:35:43.282000,SPY_020624C494,rmarko4231,team-alerts,0,option,BTO,0.6,20,0.59,,,,10.833333333333325,10.593220338983052,129.9999999999999,125.0,20,0.6649999999999999,0.6525,0.63/0.68/0.72,0.62/0.65/0.72,2024-02-05 09:10:27.101000,,,
2024-02-05 09:11:46.410000,CVNA_020924C45.5,princeton.,team-alerts,0,option,BTO,0.86,10,0.9,,,,20.116279069767458,12.999999999999986,173.00000000000014,116.99999999999987,10,1.0330000000000001,1.017,1.04/1.05/1.01,1.01/1.03/1.02,2024-02-05 12:06:25.485000,,,
2024-02-05 09:25:01.836000,SPY_020624P490,rmarko4231,team-alerts,0,option,BTO,0.5,10,0.51,,,,-30.000000000000004,-35.29411764705882,-150.00000000000003,-179.99999999999997,10,0.35,0.33,0.35,0.33,2024-02-05 10:12:31.169000,,,
2024-02-05 11:08:10.301000,SPY_020524C493,tradewithnando,team-alerts,0,option,BTO,0.6,10,0.64,,,,54.333333333333336,39.843750000000014,326.0,255.0000000000001,10,0.9259999999999999,0.8950000000000001,0.78/0.92/1.16,0.72/0.93/1.07,2024-02-05 11:37:40.197000,,,
2024-02-06 06:34:14.679000,ROKU_022324C100,rmarko4231,team-alerts,0,option,BTO,4.2,4,4.5,,,,23.511904761904777,14.166666666666671,395.0000000000003,255.00000000000009,4,5.187500000000001,5.1375,4.8/5.0/5.4/5.55,4.75/4.9/5.35/5.55,2024-02-06 12:59:35.027000,,,
2024-02-06 06:41:21.190000,SPY_020624C494,princeton.,team-alerts,0,option,BTO,0.89,10,0.87,,,,12.02247191011237,13.793103448275861,107.0000000000001,120.0,10,0.9970000000000001,0.99,1.02/1.1/0.89,1.03/1.1/0.85,2024-02-06 06:48:18.571000,,,
2024-02-06 06:56:19.353000,SPY_020724C496,rmarko4231,team-alerts,0,option,BTO,0.6,20,0.57,,,,-36.666666666666664,-26.31578947368421,-439.99999999999994,-299.99999999999994,20,0.38,0.42,0.38,0.42,2024-02-06 07:16:56.096000,,,
2024-02-06 08:09:34.967000,SPY_020624C494,tradewithnando,team-alerts,0,option,BTO,0.49,10,0.5,,,,-51.02040816326531,-58.00000000000001,-250.0,-290.00000000000006,10,0.24,0.21,0.24,0.21,2024-02-06 09:21:35.258000,,,
2024-02-06 09:38:55.769000,SPY_020624C494,tradewithnando,team-alerts,0,option,BTO,0.25,30,0.26,0.3/0.2,0.3/0.22,1,-48.0,-65.38461538461539,-360.0,-510.0,30,0.13,0.09,0.13,0.09,2024-02-06 11:10:57.159000,,,
2024-02-06 10:22:18.269000,LYV_041924C95,rmarko4231,team-alerts,1,option,BTO,3.5,2,3.6,,,,,,,,,,,,,,,,
2024-02-06 11:01:06.006000,DAL_041924C42,rmarko4231,team-alerts,0,option,BTO,1.52,5,1.55,,,,14.254385964912275,10.967741935483865,129.99999999999997,101.99999999999994,6,1.7366666666666666,1.72,1.65/1.78/1.78,1.63/1.76/1.77,2024-02-09 06:36:15.727000,,,
2024-02-06 11:32:00.729000,AAPL_021624P185,tradewithnando,team-alerts,0,option,BTO,0.97,20,0.98,1.14/0.8,1.14/0.82,1,-53.608247422680414,-56.122448979591844,-1040.0,-1100.0000000000002,20,0.45,0.43,0.45,0.43,2024-02-09 10:13:53.185000,,,
2024-02-06 12:00:23.080000,CVS_021624P72,tradewithnando,team-alerts,0,option,BTO,1.16,3,1.18,,,,-87.06896551724138,-90.6779661016949,-303.0,-320.99999999999994,3,0.15,0.11,0.15,0.11,2024-02-08 06:44:42.617000,,,
2024-02-06 12:10:17.166000,SPY_020624C493,tradewithnando,team-alerts,0,option,BTO,0.61,10,0.64,,,,-62.295081967213115,-73.43749999999999,-380.0,-469.99999999999994,10,0.23,0.17,0.23,0.17,2024-02-06 12:33:41.236000,,,
2024-02-07 06:37:00.212000,MS_031524C90,rmarko4231,team-alerts,0,option,BTO,1.06,20,1.09,,,,5.660377358490571,-1.8348623853211024,120.00000000000011,-40.000000000000036,20,1.12,1.07,1.12,1.07,2024-02-07 11:27:15.191000,,,
2024-02-07 07:08:01.371000,SPY_020824P493,rmarko4231,team-alerts,0,option,BTO,0.46,25,0.43,0.52/0.42,0.52/0.37,1,-36.956521739130444,-30.232558139534888,-425.0000000000001,-325.00000000000006,25,0.29,0.3,0.29,0.3,2024-02-07 07:18:56.248000,,,
2024-02-07 08:08:44.002000,TSLA_020924C190,rmarko4231,team-alerts,0,option,BTO,1.79,4,1.8,,,,6.145251396648037,1.388888888888884,43.99999999999994,9.999999999999964,4,1.9,1.825,1.9/1.9,1.87/1.81,2024-02-07 10:00:26.374000,,,
2024-02-07 09:10:15.786000,Z_021624C60,rmarko4231,team-alerts,1,option,BTO,1.55,3,1.62,,,,,,,,,,,,,,,,
2024-02-07 10:11:55.895000,QQQ_020724C432,princeton.,team-alerts,0,option,BTO,0.64,18,0.65,,,,9.461805555555543,5.811965811965815,108.99999999999986,68.00000000000004,18,0.7005555555555555,0.6877777777777778,0.72/0.65,0.71/0.63,2024-02-07 10:23:40.560000,,,
2024-02-07 10:33:31.187000,TSLA_020924C192.5,rmarko4231,team-alerts,0,option,BTO,1.41,4,1.45,,,,9.042553191489375,2.9310344827586197,51.00000000000007,16.999999999999993,4,1.5375,1.4925,1.5/1.61/1.52,1.44/1.63/1.45,2024-02-08 08:22:44.280000,,,
2024-02-08 06:36:31.675000,NKE_022324C105,rmarko4231,team-alerts,0,option,BTO,1.58,10,1.81,,,,14.620253164556955,-8.011049723756894,230.99999999999991,-144.99999999999977,10,1.811,1.6650000000000003,1.81/1.93/1.81/1.46,1.76/1.88/1.46/1.35,2024-02-08 07:57:46.888000,,,
2024-02-08 06:44:02.750000,AMZN_022324P165,tradewithnando,team-alerts,1,option,BTO,1.11,10,1.14,,,,,,,,,,,,,,,,
2024-02-08 07:30:09.053000,ETSY_022324C75,rmarko4231,team-alerts,1,option,BTO,4.2,4,4.45,4.2/4.2,4.45/4.45,1,18.45238095238096,5.617977528089887,232.50000000000009,75.0,3,4.9750000000000005,4.7,4.85/4.825/5.25,4.7/4.65/4.75,2024-02-09 07:01:21.178000,,,
2024-02-08 07:44:38.081000,GLD_022324C190,rmarko4231,team-alerts,1,option,BTO,0.97,10,0.96,,,,15.46391752577321,9.375000000000009,45.00000000000004,27.00000000000003,3,1.12,1.05,1.12,1.05,2024-02-08 10:04:58.693000,,,
2024-02-08 08:19:00.859000,SPY_020824P497,tradewithnando,team-alerts,0,option,BTO,0.49,10,0.48,,,,-71.42857142857143,-75.0,-350.0,-360.0,10,0.14,0.12,0.14,0.12,2024-02-08 11:30:47.532000,,,
2024-02-08 12:14:19.659000,SPY_020824P498,tradewithnando,team-alerts,0,option,BTO,0.18,25,0.18,,,,16.666666666666664,-16.666666666666664,74.99999999999999,-74.99999999999999,25,0.21,0.15,0.21,0.15,2024-02-08 12:50:10.946000,,,
2024-02-09 06:35:16.202000,IWM_030124C200,rmarko4231,team-alerts,0,option,BTO,2.86,10,2.96,,,,10.80419580419581,8.00675675675676,309.00000000000017,237.0000000000001,10,3.169,3.197,3.05/3.22,3.05/3.26,2024-02-09 09:30:02.406000,,,
2024-02-09 06:44:19.034000,IWM_021424C198,princeton.,team-alerts,0,option,BTO,1.88,5,1.89,,,,6.382978723404261,5.2910052910052965,60.00000000000006,50.00000000000006,5,2.0,1.99,2.0,1.99,2024-02-09 09:18:15.501000,,,
2024-02-09 06:50:10.513000,OXY_032824C60,rmarko4231,team-alerts,1,option,BTO,1.5,5,1.6,,,,,,,,,,,,,,,,
2024-02-09 07:04:52.231000,QQQ_021224C438,rmarko4231,team-alerts,0,option,BTO,0.88,10,0.6,,,,0.0,-3.3333333333333366,0.0,-20.000000000000018,10,0.88,0.58,0.88,0.58,2024-02-09 07:05:09.078000,,,
2024-02-09 07:05:56.757000,QQQ_021224C437,rmarko4231,team-alerts,0,option,BTO,0.8,10,0.82,,,,21.749999999999993,17.31707317073171,173.99999999999994,142.0,10,0.974,0.962,0.92/0.99/1.05,0.93/0.95/1.05,2024-02-09 07:28:59.208000,,,
2024-02-09 07:17:27.573000,AMD_021624C175,rmarko4231,team-alerts,0,option,BTO,3.65,5,3.95,,,,8.767123287671229,1.7721518987341618,159.99999999999994,34.9999999999997,5,3.9699999999999998,4.02,4.05/4.3/3.4,4.1/4.4/3.4,2024-02-09 07:35:23.710000,,,
2024-02-09 07:54:30.428000,TSLA_020924C192.5,rmarko4231,team-alerts,0,option,BTO,0.81,4,0.78,,,,19.44444444444444,19.551282051282044,62.999999999999986,60.99999999999998,4,0.9675,0.9325,1.03/0.78,1.0/0.73,2024-02-09 08:14:10.506000,,,
2024-02-09 10:08:47.154000,PNC_022324C150,rmarko4231,team-alerts,0,option,BTO,2.25,1,2.3,,,,46.66666666666666,19.56521739130436,104.99999999999997,45.00000000000002,1,3.3,2.75,3.3,2.75,2024-02-12 08:45:24.024000,,,
2024-02-09 12:07:36.591000,SPY_020924P500,rmarko4231,team-alerts,0,option,BTO,0.07,10,0.08,0.08/0.06,0.09/0.07,1,0.0,-25.000000000000007,0.0,-20.000000000000004,10,0.07,0.06,0.07,0.06,2024-02-09 12:15:12.043000,,,
2024-02-12 06:33:30.727000,NKE_030124C106,rmarko4231,team-alerts,0,option,BTO,1.9,5,1.98,,,,22.842105263157904,14.84848484848485,217.0000000000001,147.0,5,2.334,2.274,2.2/2.31/2.45/2.51,2.08/2.28/2.4/2.53,2024-02-12 08:23:16.235000,,,
2024-02-12 06:40:26.312000,META_021624C480,princeton.,team-alerts,0,option,BTO,3.4,3,3.45,,,,16.176470588235304,7.246376811594203,165.0000000000001,75.00000000000001,3,3.95,3.7,3.95,3.7,2024-02-12 06:45:51.456000,,,
2024-02-12 06:42:17.692000,AMD_021624C180,rmarko4231,team-alerts,0,option,BTO,1.93,3,2.0,,,,21.934369602763397,15.66666666666665,127.00000000000007,93.9999999999999,3,2.3533333333333335,2.313333333333333,2.66/2.2,2.64/2.15,2024-02-12 08:50:30.441000,,,
2024-02-12 06:47:09.263000,WFC_030824C50,rmarko4231,team-alerts,0,option,BTO,0.59,20,0.6,,,,30.508474576271194,25.000000000000007,360.00000000000006,300.00000000000006,20,0.77,0.75,0.7/0.75/0.78/0.85,0.69/0.72/0.78/0.81,2024-02-12 08:34:26.321000,,,
2024-02-12 07:05:20.098000,GS_030824C400,rmarko4231,team-alerts,0,option,BTO,3.8,3,4.15,,,,26.31578947368421,14.859437751004004,299.99999999999994,184.99999999999986,3,4.8,4.766666666666667,4.35/4.75/5.3,4.4/4.6/5.3,2024-02-12 08:03:55.461000,,,
2024-02-12 07:40:21.132000,BABA_021624C74,tradewithnando,team-alerts,0,option,BTO,1.24,10,1.26,,,,-31.451612903225808,-34.920634920634924,-390.0,-440.00000000000006,10,0.85,0.82,0.85,0.82,2024-02-12 11:19:09.212000,,,
2024-02-12 08:16:17.228000,DIS_030124C113,tradewithnando,team-alerts,1,option,BTO,1.48,5,1.61,,,,,,,,,,,,,,,,
2024-02-12 08:18:08.167000,QQQ_021324C440,rmarko4231,team-alerts,0,option,BTO,1.18,13,1.21,1.15/1.3,1.19/1.28,1,14.164648910411634,10.15348288075562,234.00000000000017,172.00000000000017,14,1.3471428571428572,1.332857142857143,1.3/1.33/1.36/1.46,1.28/1.31/1.35/1.46,2024-02-12 08:32:22.149000,,,
2024-02-12 08:40:28.319000,SHOP_030824C100,rmarko4231,team-alerts,1,option,BTO,4.2,2,4.25,,,,,,,,,,,,,,,,
2024-02-12 09:06:29.939000,QQQ_021324C441,rmarko4231,team-alerts,0,option,BTO,1.01,20,1.02,1.08/0.94,1.09/0.96,1,-14.851485148514854,-20.588235294117645,-300.00000000000006,-420.0,20,0.86,0.81,0.86,0.81,2024-02-12 09:23:55.087000,,,
2024-02-12 09:50:55.638000,SPY_021424C506,rmarko4231,team-alerts,0,option,BTO,1.0,5,1.01,,,,-100.0,-100.0,-500.0,-505.0,5,0,0,0,0,2024-02-14T16:00:00+0000,,,1.0
2024-02-12 10:13:55.899000,SPY_021224C503,tradewithnando,team-alerts,0,option,BTO,0.73,10,0.76,,,,-38.35616438356164,-44.73684210526316,-279.99999999999994,-340.0,10,0.45,0.42,0.45,0.42,2024-02-12 10:26:54.211000,,,
2024-02-12 10:46:33.541000,SPY_021224C502,tradewithnando,team-alerts,0,option,BTO,0.58,15,0.58,0.56/0.61,0.56/0.63,1,-32.75862068965517,-44.82758620689655,-284.99999999999994,-389.99999999999994,15,0.39,0.32,0.39,0.32,2024-02-12 11:16:18.952000,,,
2024-02-12 11:33:53.130000,XOM_030124C105,tradewithnando,team-alerts,1,option,BTO,0.83,15,0.83,,,,,,,,,,,,,,,,
